Date,Tanggal,Bulan,Tahun,HargaJual,HargaBeli,Inflasi,HargaMinyak,KursJual,Kursbeli
31/07/2021,31,7,2021,843000,948000,1.52,73.95,14570,14426
30/07/2021,30,7,2021,850000,953000,1.52,73.95,14570,14426
29/07/2021,29,7,2021,842000,945000,1.52,73.62,14570,14426
28/07/2021,28,7,2021,837000,940000,1.52,72.39,14561,14417
27/07/2021,27,7,2021,837000,940000,1.52,71.65,14566,14422
26/07/2021,26,7,2021,839000,942000,1.52,71.91,14574,14429
25/07/2021,25,7,2021,840000,943000,1.52,72.07,14581,14435
24/07/2021,24,7,2021,840000,943000,1.52,72.07,14581,14435
23/07/2021,23,7,2021,843000,946000,1.52,72.07,14581,14435
22/07/2021,22,7,2021,843000,946000,1.52,71.91,14627,14481
21/07/2021,21,7,2021,844000,947000,1.52,70.3,14597,14451
20/07/2021,20,7,2021,847000,950000,1.52,67.42,14590,14444
19/07/2021,19,7,2021,847000,950000,1.52,66.42,14590,14444
18/07/2021,18,7,2021,846000,949000,1.52,71.81,14576,14430
17/07/2021,17,7,2021,846000,949000,1.52,71.81,14576,14430
16/07/2021,16,7,2021,854000,956000,1.52,71.81,14576,14430
15/07/2021,15,7,2021,850000,953000,1.52,71.65,14565,14421
14/07/2021,14,7,2021,840000,945000,1.52,73.13,14558,14414
13/07/2021,13,7,2021,841000,946000,1.52,75.25,14558,14414
12/7/2021,12,7,2021,845000,950000,1.52,74.1,14540,14396
11/7/2021,11,7,2021,845000,950000,1.52,74.56,14540,14396
10/7/2021,10,7,2021,845000,950000,1.52,74.56,14540,14396
9/7/2021,9,7,2021,842000,947000,1.52,74.56,14540,14396
8/7/2021,8,7,2021,840000,945000,1.52,72.94,14540,14396
7/7/2021,7,7,2021,835000,940000,1.52,72.2,14540,14396
6/7/2021,6,7,2021,834000,939000,1.52,73.37,14388,14244
5/7/2021,5,7,2021,836000,941000,1.52,76.25,14436,14292
4/7/2021,4,7,2021,837000,942000,1.52,75.14,14592,14446
3/7/2021,3,7,2021,837000,942000,1.52,75.16,14008,13868
2/7/2021,2,7,2021,830000,935000,1.52,75.16,14008,13868
1/7/2021,1,7,2021,827000,932000,1.52,75.23,14008,13868
30/06/2021,30,6,2021,822000,927000,1.33,73.47,14568,14424
29/06/2021,29,6,2021,827000,932000,1.33,72.98,14544,14400
28/06/2021,28,6,2021,828000,933000,1.33,72.91,14519,14375
27/06/2021,27,6,2021,829000,934000,1.33,74.05,14534,14390
26/06/2021,26,6,2021,829000,934000,1.33,74.05,14534,14390
25/06/2021,25,6,2021,828000,932000,1.33,74.05,14534,14390
24/06/2021,24,6,2021,828000,932000,1.33,73.3,14526,14382
23/06/2021,23,6,2021,827000,930000,1.33,73.08,14493,14349
22/06/2021,22,6,2021,829000,932000,1.33,73.06,14525,14381
21/06/2021,21,6,2021,820000,820000,1.33,73.66,14475,14331
20/06/2021,20,6,2021,822000,920000,1.33,71.64,14450,14306
19/06/2021,19,6,2021,822000,920000,1.33,71.64,14450,14306
18/06/2021,18,6,2021,822000,920000,1.33,71.64,14450,14306
17/06/2021,17,6,2021,833000,928000,1.33,71.04,14328,14186
16/06/2021,16,6,2021,850000,940000,1.33,72.15,14315,14173
15/06/2021,15,6,2021,853000,943000,1.33,72.12,14293,14151
14/06/2021,14,6,2021,855000,945000,1.33,70.88,14277,14135
13/06/2021,13,6,2021,858000,948000,1.33,70.91,14554,14410
12/6/2021,12,6,2021,858000,948000,1.33,70.91,14554,14410
11/6/2021,11,6,2021,868000,957000,1.33,70.91,14554,14410
10/6/2021,10,6,2021,865000,954000,1.33,70.29,14554,14410
9/6/2021,9,6,2021,868000,957000,1.33,69.96,14554,14410
8/6/2021,8,6,2021,871000,960000,1.33,70.05,14554,14410
7/6/2021,7,6,2021,870000,959000,1.33,69.23,14554,14410
6/6/2021,6,6,2021,871000,960000,1.33,69.62,14511,14367
5/6/2021,5,6,2021,871000,960000,1.33,69.62,14511,14367
4/6/2021,4,6,2021,860000,949000,1.33,69.62,14606,14460
3/6/2021,3,6,2021,875000,964000,1.33,68.81,13996,13856
2/6/2021,2,6,2021,871000,961000,1.33,68.83,13996,13856
1/6/2021,1,6,2021,875000,965000,1.33,67.72,13996,13856
31/05/2021,31,5,2021,875000,965000,1.68,66.96,14382,14238
30/05/2021,30,5,2021,875000,965000,1.68,66.59,14384,14240
29/05/2021,29,5,2021,875000,965000,1.68,66.32,14384,14240
28/05/2021,28,5,2021,872000,962000,1.68,66.32,14384,14240
27/05/2021,27,5,2021,872000,962000,1.68,66.85,14407,14263
26/05/2021,26,5,2021,865000,955000,1.68,66.21,14434,14290
25/05/2021,25,5,2021,865000,955000,1.68,66.07,14434,14290
24/05/2021,24,5,2021,869000,959000,1.68,66.05,14447,14303
23/05/2021,23,5,2021,868000,958000,1.68,63.58,14468,14324
22/05/2021,22,5,2021,868000,958000,1.68,63.58,14468,14324
21/05/2021,21,5,2021,867000,957000,1.68,63.58,14468,14324
20/05/2021,20,5,2021,857000,947000,1.68,62.05,14385,14241
19/05/2021,19,5,2021,858000,948000,1.68,63.36,14372,14229
18/05/2021,18,5,2021,857000,947000,1.68,65.49,14355,14213
17/05/2021,17,5,2021,842000,937000,1.68,66.27,14274,14132
16/05/2021,16,5,2021,837000,933000,1.68,65.37,14269,14127
15/05/2021,15,5,2021,837000,933000,1.68,65.37,14269,14127
14/05/2021,14,5,2021,837000,933000,1.68,65.37,14269,14127
13/05/2021,13,5,2021,837000,933000,1.68,63.82,14269,14127
12/5/2021,12,5,2021,837000,933000,1.68,66.08,14637,14491
11/5/2021,11,5,2021,837000,933000,1.68,65.28,14637,14491
10/5/2021,10,5,2021,841000,937000,1.68,64.92,14637,14491
9/5/2021,9,5,2021,841000,937000,1.68,64.9,14637,14491
8/5/2021,8,5,2021,841000,937000,1.68,64.9,14637,14491
7/5/2021,7,5,2021,838000,934000,1.68,64.9,14637,14491
6/5/2021,6,5,2021,829000,926000,1.68,64.71,14503,14359
5/5/2021,5,5,2021,825000,922000,1.68,65.63,14503,14359
4/5/2021,4,5,2021,833000,930000,1.68,65.69,14657,14511
3/5/2021,3,5,2021,822000,921000,1.68,64.49,14443,14299
2/5/2021,2,5,2021,822000,921000,1.68,63.58,14132,13992
1/5/2021,1,5,2021,822000,921000,1.68,63.58,14015,13875
30/04/2021,30,4,2021,823000,922000,1.42,63.58,14540,14396
29/04/2021,29,4,2021,832000,931000,1.42,65.01,14583,14437
28/04/2021,28,4,2021,825000,926000,1.42,63.86,14569,14425
27/04/2021,27,4,2021,829000,930000,1.42,62.94,14561,14417
26/04/2021,26,4,2021,831000,933000,1.42,61.91,14621,14475
25/04/2021,25,4,2021,831000,933000,1.42,62.14,14603,14457
24/04/2021,24,4,2021,831000,933000,1.42,62.14,14603,14457
23/04/2021,23,4,2021,833000,935000,1.42,62.14,14603,14457
22/04/2021,22,4,2021,838000,940000,1.42,61.43,14622,14476
21/04/2021,21,4,2021,828000,932000,1.42,61.35,14581,14435
20/04/2021,20,4,2021,829000,933000,1.42,62.44,14641,14495
19/04/2021,19,4,2021,835000,939000,1.42,63.38,14665,14519
18/04/2021,18,4,2021,832000,937000,1.42,63.13,14719,14573
17/04/2021,17,4,2021,832000,937000,1.42,63.13,14719,14573
16/04/2021,16,4,2021,830000,935000,1.42,63.13,14719,14573
15/04/2021,15,4,2021,817000,925000,1.42,63.46,14706,14560
14/04/2021,14,4,2021,822000,930000,1.42,63.15,14721,14575
13/04/2021,13,4,2021,814000,924000,1.42,60.18,14704,14558
12/4/2021,12,4,2021,816000,926000,1.42,59.7,14368,14226
11/4/2021,11,4,2021,817000,927000,1.42,59.32,14368,14226
10/4/2021,10,4,2021,817000,927000,1.42,59.32,14368,14226
9/4/2021,9,4,2021,821000,931000,1.42,59.32,14368,14226
8/4/2021,8,4,2021,810000,922000,1.42,59.6,14368,14226
7/4/2021,7,4,2021,812000,924000,1.42,59.77,14368,14226
6/4/2021,6,4,2021,808000,920000,1.42,59.33,14368,14226
5/4/2021,5,4,2021,809000,921000,1.42,58.65,14539,14395
4/4/2021,4,4,2021,810000,922000,1.42,61.45,14371,14228
3/4/2021,3,4,2021,810000,922000,1.42,61.45,14371,14228
2/4/2021,2,4,2021,810000,922000,1.42,61.45,14106,13966
1/4/2021,1,4,2021,799000,913000,1.42,61.45,13973,13833
31/03/2021,31,3,2021,784000,903000,1.37,59.16,14645,14499
30/03/2021,30,3,2021,794000,911000,1.37,60.55,14553,14409
29/03/2021,29,3,2021,804000,921000,1.37,61.56,14506,14362
28/03/2021,28,3,2021,804000,922000,1.37,60.97,14518,14374
27/03/2021,27,3,2021,804000,922000,1.37,60.97,14518,14374
26/03/2021,26,3,2021,803000,921000,1.37,60.97,14518,14374
25/03/2021,25,3,2021,805000,924000,1.37,58.56,14536,14392
24/03/2021,24,3,2021,800000,921000,1.37,61.18,14527,14383
23/03/2021,23,3,2021,808000,929000,1.37,57.76,14493,14349
22/03/2021,22,3,2021,808000,931000,1.37,61.55,14528,14384
21/03/2021,21,3,2021,810000,934000,1.37,61.42,14548,14404
20/03/2021,20,3,2021,810000,934000,1.37,61.42,14548,14404
19/03/2021,19,3,2021,802000,925000,1.37,61.42,14548,14404
18/03/2021,18,3,2021,812000,935000,1.37,60,14484,14340
17/03/2021,17,3,2021,801000,927000,1.37,64.6,14531,14387
16/03/2021,16,3,2021,801000,927000,1.37,64.8,14496,14352
15/03/2021,15,3,2021,796000,924000,1.37,65.39,14490,14346
14/03/2021,14,3,2021,797000,926000,1.37,65.61,14347,14205
13/03/2021,13,3,2021,797000,926000,1.37,65.61,14347,14205
12/3/2021,12,3,2021,799000,929000,1.37,65.61,14347,14205
11/3/2021,11,3,2021,800000,930000,1.37,66.02,14347,14205
10/3/2021,10,3,2021,798000,930000,1.37,64.44,14347,14205
9/3/2021,9,3,2021,778000,915000,1.37,64.01,14347,14205
8/3/2021,8,3,2021,787000,924000,1.37,65.05,14347,14205
7/3/2021,7,3,2021,785000,923000,1.37,66.09,14347,14205
6/3/2021,6,3,2021,785000,923000,1.37,66.09,14347,14205
5/3/2021,5,3,2021,777000,918000,1.37,66.09,14525,14381
4/3/2021,4,3,2021,788000,923000,1.37,63.83,14406,14262
3/3/2021,3,3,2021,798000,928000,1.37,61.28,14406,14262
2/3/2021,2,3,2021,792000,923000,1.37,59.75,14087,13947
1/3/2021,1,3,2021,796000,923000,1.37,60.64,14300,14158
28/02/2021,28,2,2021,794000,917000,1.38,61.5,14300,14158
27/02/2021,27,2,2021,794000,917000,1.38,61.5,14300,14158
26/02/2021,26,2,2021,802000,922000,1.38,61.5,14300,14158
25/02/2021,25,2,2021,814000,934000,1.38,63.53,14175,14033
24/02/2021,24,2,2021,818000,938000,1.38,63.22,14159,14019
23/02/2021,23,2,2021,818000,938000,1.38,61.67,14197,14055
22/02/2021,22,2,2021,807000,930000,1.38,61.49,14168,14028
21/02/2021,21,2,2021,807000,930000,1.38,59.24,14155,14015
20/02/2021,20,2,2021,807000,930000,1.38,59.24,14155,14015
19/02/2021,19,2,2021,798000,923000,1.38,59.24,14155,14015
18/02/2021,18,2,2021,800000,925000,1.38,60.52,14129,13989
17/02/2021,17,2,2021,796000,922000,1.38,61.14,14089,13949
16/02/2021,16,2,2021,815000,935000,1.38,60.05,13944,13806
15/02/2021,15,2,2021,820000,940000,1.38,60.09,14016,13876
14/02/2021,14,2,2021,820000,940000,1.38,60.37,14612,14466
13/02/2021,13,2,2021,820000,940000,1.38,59.47,14612,14466
12/2/2021,12,2,2021,825000,945000,1.38,59.47,14612,14466
11/2/2021,11,2,2021,825000,945000,1.38,58.24,14612,14466
10/2/2021,10,2,2021,825000,945000,1.38,58.68,14612,14466
9/2/2021,9,2,2021,823000,943000,1.38,58.36,14612,14466
8/2/2021,8,2,2021,819000,940000,1.38,57.97,14612,14466
7/2/2021,7,2,2021,820000,940000,1.38,56.85,14612,14466
6/2/2021,6,2,2021,820000,940000,1.38,56.85,14363,14221
5/2/2021,5,2,2021,810000,930000,1.38,56.85,14650,14504
4/2/2021,4,2,2021,826000,943000,1.38,56.23,14650,14504
3/2/2021,3,2,2021,830000,947000,1.38,55.69,14379,14235
2/2/2021,2,2,2021,837000,954000,1.38,54.76,14114,13974
1/2/2021,1,2,2021,838000,955000,1.38,53.55,14154,14014
31/01/2021,31,1,2021,836000,954000,1.55,52.2,14154,14014
30/01/2021,30,1,2021,836000,954000,1.55,52.2,14154,14014
29/01/2021,29,1,2021,836000,954000,1.55,52.2,14154,14014
28/01/2021,28,1,2021,833000,952000,1.55,52.34,14190,14048
27/01/2021,27,1,2021,837000,956000,1.55,52.85,14161,14021
26/01/2021,26,1,2021,839000,958000,1.55,52.61,14156,14016
25/01/2021,25,1,2021,839000,958000,1.55,52.77,14152,14012
24/01/2021,24,1,2021,838000,957000,1.55,52.27,14124,13984
23/01/2021,23,1,2021,838000,957000,1.55,52.27,14124,13984
22/01/2021,22,1,2021,842000,961000,1.55,52.27,14124,13984
21/01/2021,21,1,2021,844000,963000,1.55,53.13,14109,13969
20/01/2021,20,1,2021,833000,954000,1.55,53.24,14135,13995
19/01/2021,19,1,2021,831000,952000,1.55,52.98,14156,14016
18/01/2021,18,1,2021,821000,944000,1.55,52.36,14150,14010
17/01/2021,17,1,2021,828000,948000,1.55,52.2,14138,13998
16/01/2021,16,1,2021,828000,948000,1.55,52.36,14138,13998
15/01/2021,15,1,2021,838000,956000,1.55,52.36,14138,13998
14/01/2021,14,1,2021,837000,955000,1.55,53.57,14190,14048
13/01/2021,13,1,2021,849000,965000,1.55,52.91,14180,14038
12/1/2021,12,1,2021,839000,957000,1.55,53.21,14615,14469
11/1/2021,11,1,2021,833000,952000,1.55,52.25,14615,14469
10/1/2021,10,1,2021,838000,954000,1.55,52.24,14615,14469
9/1/2021,9,1,2021,838000,954000,1.55,52.24,14615,14469
8/1/2021,8,1,2021,858000,969000,1.55,52.24,14615,14469
7/1/2021,7,1,2021,861000,971000,1.55,50.83,14615,14469
6/1/2021,6,1,2021,873000,981000,1.55,50.63,14382,14238
5/1/2021,5,1,2021,866000,975000,1.55,49.93,14650,14504
4/1/2021,4,1,2021,866000,975000,1.55,47.62,14650,14504
3/1/2021,3,1,2021,860000,969000,1.55,48.52,14372,14229
2/1/2021,2,1,2021,860000,969000,1.55,48.52,14112,13972
1/1/2021,1,1,2021,855000,965000,1.55,48.52,14176,14034
31/12/2020,31,12,2020,855000,965000,1.68,48.52,14176,14034
30/12/2020,30,12,2020,855000,965000,1.68,48.4,14176,14034
29/12/2020,29,12,2020,856000,967000,1.68,48,14240,14098
28/12/2020,28,12,2020,866000,977000,1.68,47.62,14255,14113
27/12/2020,27,12,2020,861000,973000,1.68,48.23,14353,14211
26/12/2020,26,12,2020,861000,973000,1.68,48.23,14353,14211
25/12/2020,25,12,2020,861000,973000,1.68,48.23,14353,14211
24/12/2020,24,12,2020,859000,971000,1.68,48.23,14353,14211
23/12/2020,23,12,2020,852000,966000,1.68,48.12,14353,14211
22/12/2020,22,12,2020,856000,970000,1.68,47.02,14289,14147
21/12/2020,21,12,2020,862000,976000,1.68,47.74,14251,14109
20/12/2020,20,12,2020,854000,970000,1.68,49.1,14217,14075
19/12/2020,19,12,2020,854000,970000,1.68,49.1,14217,14075
18/12/2020,18,12,2020,855000,972000,1.68,49.1,14217,14075
17/12/2020,17,12,2020,846000,965000,1.68,48.36,14223,14081
16/12/2020,16,12,2020,843000,962000,1.68,47.82,14222,14080
15/12/2020,15,12,2020,831000,951000,1.68,47.62,14242,14100
14/12/2020,14,12,2020,832000,952000,1.68,46.99,14229,14087
13/12/2020,13,12,2020,834000,954000,1.68,46.57,14258,14116
12/12/2020,12,12,2020,834000,954000,1.68,46.57,14258,14116
11/12/2020,11,12,2020,834000,954000,1.68,46.57,14258,14116
10/12/2020,10,12,2020,836000,956000,1.68,46.78,14820,14672
9/12/2020,9,12,2020,846000,966000,1.68,45.52,14851,14703
8/12/2020,8,12,2020,846000,966000,1.68,45.6,14851,14703
7/12/2020,7,12,2020,837000,959000,1.68,45.76,14328,14186
6/12/2020,6,12,2020,837000,960000,1.68,46.26,14328,14186
5/12/2020,5,12,2020,837000,960000,1.68,46.26,15053,14903
4/12/2020,4,12,2020,838000,961000,1.68,46.26,14562,14418
3/12/2020,3,12,2020,832000,957000,1.68,45.64,14562,14418
2/12/2020,2,12,2020,825000,952000,1.68,45.28,13727,13591
1/12/2020,1,12,2020,811000,938000,1.68,44.55,14199,14057
30/11/2020,30,11,2020,816000,942000,1.59,45.34,14199,14057
29/11/2020,29,11,2020,816000,942000,1.59,45.53,14216,14074
28/11/2020,28,11,2020,816000,942000,1.59,45.53,14216,14074
27/11/2020,27,11,2020,826000,951000,1.59,45.53,14216,14074
26/11/2020,26,11,2020,829000,953000,1.59,44.98,14201,14059
25/11/2020,25,11,2020,829000,953000,1.59,45.71,14240,14098
24/11/2020,24,11,2020,839000,961000,1.59,44.91,14267,14125
23/11/2020,23,11,2020,856000,977000,1.59,43.06,14235,14093
22/11/2020,22,11,2020,855000,977000,1.59,42.15,14299,14157
21/11/2020,21,11,2020,855000,977000,1.59,42.15,14299,14157
20/11/2020,20,11,2020,850000,973000,1.59,42.15,14299,14157
19/11/2020,19,11,2020,850000,973000,1.59,41.74,14238,14096
18/11/2020,18,11,2020,853000,975000,1.59,41.82,14189,14047
17/11/2020,17,11,2020,859000,980000,1.59,41.43,14143,14003
16/11/2020,16,11,2020,864000,985000,1.59,41.34,14210,14068
15/11/2020,15,11,2020,864000,985000,1.59,40.13,14293,14151
14/11/2020,14,11,2020,864000,985000,1.59,40.13,14293,14151
13/11/2020,13,11,2020,858000,978000,1.59,40.13,14293,14151
12/11/2020,12,11,2020,850000,968000,1.59,41.12,14173,14031
11/11/2020,11,11,2020,854000,970000,1.59,41.45,14146,14006
10/11/2020,10,11,2020,857000,972000,1.59,41.36,15054,14904
9/11/2020,9,11,2020,899000,1006000,1.59,40.29,15054,14904
8/11/2020,8,11,2020,897000,1004000,1.59,37.14,14802,14654
7/11/2020,7,11,2020,897000,1004000,1.59,37.14,14084,13944
6/11/2020,6,11,2020,902000,1009000,1.59,37.14,14084,13944
5/11/2020,5,11,2020,892000,1000000,1.59,38.79,15011,14861
4/11/2020,4,11,2020,896000,1004000,1.59,39.15,14395,14251
3/11/2020,3,11,2020,896000,1004000,1.59,37.66,14395,14251
2/11/2020,2,11,2020,885000,994000,1.59,36.81,13754,13618
1/11/2020,1,11,2020,888000,996000,1.59,35.79,14763,14617
31/10/2020,31,10,2020,888000,996000,1.44,35.79,14763,14617
30/10/2020,30,10,2020,884000,992000,1.44,35.79,14763,14617
29/10/2020,29,10,2020,887000,995000,1.44,36.17,14763,14617
28/10/2020,28,10,2020,899000,1007000,1.44,37.39,14763,14617
27/10/2020,27,10,2020,899000,1007000,1.44,39.57,14763,14617
26/10/2020,26,10,2020,899000,1007000,1.44,38.56,14770,14624
25/10/2020,25,10,2020,900000,1008000,1.44,39.85,14812,14664
24/10/2020,24,10,2020,900000,1008000,1.44,39.85,14812,14664
23/10/2020,23,10,2020,899000,1007000,1.44,39.85,14812,14664
22/10/2020,22,10,2020,905000,1011000,1.44,40.64,14770,14624
21/10/2020,21,10,2020,906000,1012000,1.44,40.03,14731,14585
20/10/2020,20,10,2020,901000,1008000,1.44,41.46,14803,14655
19/10/2020,19,10,2020,901000,1008000,1.44,40.83,14815,14667
18/10/2020,18,10,2020,902000,1008000,1.44,40.88,14840,14692
17/10/2020,17,10,2020,902000,1008000,1.44,40.88,14840,14692
16/10/2020,16,10,2020,904000,1011000,1.44,40.88,14840,14692
15/10/2020,15,10,2020,902000,1009000,1.44,40.96,14834,14686
14/10/2020,14,10,2020,900000,1007000,1.44,41.04,14854,14706
13/10/2020,13,10,2020,909000,1015000,1.44,40.2,14867,14719
12/10/2020,12,10,2020,911000,1017000,1.44,39.43,14201,14059
11/10/2020,11,10,2020,913000,1019000,1.44,40.6,14085,13945
10/10/2020,10,10,2020,913000,1019000,1.44,40.6,14945,14797
9/10/2020,9,10,2020,898000,1007000,1.44,40.6,14945,14797
8/10/2020,8,10,2020,894000,1004000,1.44,41.19,14824,14676
7/10/2020,7,10,2020,889000,999000,1.44,39.95,14574,14429
6/10/2020,6,10,2020,912000,1017000,1.44,40.67,14153,14013
5/10/2020,5,10,2020,909000,1015000,1.44,39.22,14483,14339
4/10/2020,4,10,2020,908000,1014000,1.44,37.05,14483,14339
3/10/2020,3,10,2020,908000,1014000,1.44,37.05,14483,14339
2/10/2020,2,10,2020,908000,1015000,1.44,37.05,13777,13639
1/10/2020,1,10,2020,904000,1013000,1.44,38.72,13881,13743
30/09/2020,30,9,2020,907000,1016000,1.42,40.22,14993,14843
29/09/2020,29,9,2020,904000,1014000,1.42,39.29,14995,14845
28/09/2020,28,9,2020,894000,1006000,1.42,40.6,15034,14884
27/09/2020,27,9,2020,894000,1006000,1.42,40.25,15026,14876
26/09/2020,26,9,2020,894000,1006000,1.42,40.25,15026,14876
25/09/2020,25,9,2020,897000,1009000,1.42,40.25,15026,14876
24/09/2020,24,9,2020,890000,1002000,1.42,40.31,15024,14874
23/09/2020,23,9,2020,904000,1007000,1.42,39.93,14909,14761
22/09/2020,22,9,2020,907000,1009000,1.42,39.6,14856,14708
21/09/2020,21,9,2020,926000,1024000,1.42,39.31,14797,14649
20/09/2020,20,9,2020,925000,1023000,1.42,41.11,14842,14694
19/09/2020,19,9,2020,925000,1023000,1.42,41.11,14842,14694
18/09/2020,18,9,2020,932000,1030000,1.42,41.11,14842,14694
17/09/2020,17,9,2020,932000,1030000,1.42,40.97,14952,14804
16/09/2020,16,9,2020,932000,1030000,1.42,40.16,14918,14770
15/09/2020,15,9,2020,940000,1037000,1.42,38.28,14944,14796
14/09/2020,14,9,2020,933000,1031000,1.42,37.26,15049,14899
13/09/2020,13,9,2020,933000,1031000,1.42,37.33,14235,14093
12/9/2020,12,9,2020,933000,1031000,1.42,37.33,14235,14093
11/9/2020,11,9,2020,929000,1028000,1.42,37.33,14243,14101
10/9/2020,10,9,2020,927000,1027000,1.42,37.3,14811,14663
9/9/2020,9,9,2020,916000,1017000,1.42,38.05,14927,14779
8/9/2020,8,9,2020,914000,1015000,1.42,36.76,14518,14374
7/9/2020,7,9,2020,920000,1020000,1.42,39.2,14518,14374
6/9/2020,6,9,2020,920000,1020000,1.42,38.75,14043,13903
5/9/2020,5,9,2020,920000,1020000,1.42,39.77,16322,16160
4/9/2020,4,9,2020,921000,1021000,1.42,39.77,16322,16160
3/9/2020,3,9,2020,923000,1024000,1.42,41.37,14414,14270
2/9/2020,2,9,2020,923000,1024000,1.42,41.51,13929,13791
1/9/2020,1,9,2020,923000,1026000,1.42,42.76,13929,13791
31/08/2020,31,8,2020,931000,1030000,1.32,42.61,14627,14481
30/08/2020,30,8,2020,927000,1027000,1.32,42.97,14776,14628
29/08/2020,29,8,2020,927000,1027000,1.32,42.97,14776,14628
28/08/2020,28,8,2020,910000,1012000,1.32,42.97,14776,14628
27/08/2020,27,8,2020,917000,1019000,1.32,43.04,14788,14640
26/08/2020,26,8,2020,907000,1011000,1.32,43.39,14709,14563
25/08/2020,25,8,2020,917000,1021000,1.32,43.35,14705,14559
24/08/2020,24,8,2020,919000,1023000,1.32,42.62,14868,14720
23/08/2020,23,8,2020,925000,1027000,1.32,42.34,14860,14712
22/08/2020,22,8,2020,925000,1027000,1.32,42.34,14860,14712
21/08/2020,21,8,2020,930000,1031000,1.32,42.34,14860,14712
20/08/2020,20,8,2020,928000,1030000,1.32,42.58,14860,14712
19/08/2020,19,8,2020,956000,1058000,1.32,42.93,14860,14712
18/08/2020,18,8,2020,946000,1050000,1.32,42.89,14982,14832
17/08/2020,17,8,2020,924000,1030000,1.32,42.89,14992,14842
16/08/2020,16,8,2020,927000,1035000,1.32,42.01,14992,14842
15/08/2020,15,8,2020,927000,1035000,1.32,42.01,14992,14842
14/08/2020,14,8,2020,930000,1040000,1.32,42.01,14992,14842
13/08/2020,13,8,2020,911000,1028000,1.32,42.24,14951,14803
12/8/2020,12,8,2020,906000,1026000,1.32,42.67,14235,14093
11/8/2020,11,8,2020,954000,1056000,1.32,41.61,14824,14676
10/8/2020,10,8,2020,953000,1054000,1.32,41.94,14824,14676
9/8/2020,9,8,2020,954000,1055000,1.32,41.22,14872,14724
8/8/2020,8,8,2020,954000,1055000,1.32,41.22,14532,14388
7/8/2020,7,8,2020,964000,1065000,1.32,41.22,14532,14388
6/8/2020,6,8,2020,953000,1054000,1.32,41.95,14026,13886
5/8/2020,5,8,2020,947000,1048000,1.32,42.19,15084,14934
4/8/2020,4,8,2020,929000,1029000,1.32,41.7,16326,16164
3/8/2020,3,8,2020,927000,1028000,1.32,41.01,14004,13864
2/8/2020,2,8,2020,926000,1028000,1.32,40.27,14004,13864
1/8/2020,1,8,2020,926000,1028000,1.32,40.27,14004,13864
31/07/2020,31,7,2020,913000,1016000,1.54,40.27,14726,14580
30/07/2020,30,7,2020,913000,1016000,1.54,39.92,14726,14580
29/07/2020,29,7,2020,910000,1013000,1.54,41.27,14643,14497
28/07/2020,28,7,2020,919000,1022000,1.54,41.04,14616,14470
27/07/2020,27,7,2020,896000,997000,1.54,41.6,14678,14532
26/07/2020,26,7,2020,889000,989000,1.54,41.29,14687,14541
25/07/2020,25,7,2020,889000,989000,1.54,41.29,14687,14541
24/07/2020,24,7,2020,884000,984000,1.54,41.29,14687,14541
23/07/2020,23,7,2020,877000,977000,1.54,41.07,14742,14596
22/07/2020,22,7,2020,881000,982000,1.54,41.9,14728,14582
21/07/2020,21,7,2020,863000,963000,1.54,41.96,14887,14739
20/07/2020,20,7,2020,856000,956000,1.54,40.81,14906,14758
19/07/2020,19,7,2020,858000,956000,1.54,40.59,14854,14706
18/07/2020,18,7,2020,858000,956000,1.54,40.59,14854,14706
17/07/2020,17,7,2020,844000,944000,1.54,40.59,14854,14706
16/07/2020,16,7,2020,848000,949000,1.54,40.75,14705,14559
15/07/2020,15,7,2020,841000,942000,1.54,41.2,14689,14543
14/07/2020,14,7,2020,836000,938000,1.54,40.29,14585,14439
13/07/2020,13,7,2020,836000,938000,1.54,40.1,14558,14414
12/7/2020,12,7,2020,835000,937000,1.54,40.55,14206,14064
11/7/2020,11,7,2020,835000,937000,1.54,40.55,14858,14710
10/7/2020,10,7,2020,835000,937000,1.54,40.55,14858,14710
9/7/2020,9,7,2020,838000,940000,1.54,39.62,14828,14680
8/7/2020,8,7,2020,832000,934000,1.54,40.9,14720,14574
7/7/2020,7,7,2020,832000,934000,1.54,40.62,14528,14384
6/7/2020,6,7,2020,829000,931000,1.54,40.63,16492,16328
5/7/2020,5,7,2020,828000,930000,1.54,40.28,16492,16328
4/7/2020,4,7,2020,828000,930000,1.54,40.28,16492,16328
3/7/2020,3,7,2020,825000,928000,1.54,40.28,13715,13579
2/7/2020,2,7,2020,812000,915000,1.54,40.65,13715,13579
1/7/2020,1,7,2020,815000,919000,1.54,39.82,13989,13849
30/06/2020,30,6,2020,814000,918000,1.96,39.27,14374,14230
29/06/2020,29,6,2020,806000,911000,1.96,39.7,14441,14297
28/06/2020,28,6,2020,807000,912000,1.96,38.49,14310,14168
27/06/2020,27,6,2020,807000,912000,1.96,38.49,14310,14168
26/06/2020,26,6,2020,803000,910000,1.96,38.49,14310,14168
25/06/2020,25,6,2020,800000,907000,1.96,38.72,14302,14160
24/06/2020,24,6,2020,809000,916000,1.96,38.01,14231,14089
23/06/2020,23,6,2020,799000,908000,1.96,40.37,14336,14194
22/06/2020,22,6,2020,797000,907000,1.96,40.46,14280,14138
21/06/2020,21,6,2020,794000,905000,1.96,39.75,14313,14171
20/06/2020,20,6,2020,794000,905000,1.96,39.75,14313,14171
19/06/2020,19,6,2020,784000,895000,1.96,39.75,14313,14171
18/06/2020,18,6,2020,790000,900000,1.96,38.84,14257,14115
17/06/2020,17,6,2020,784000,895000,1.96,37.96,14305,14163
16/06/2020,16,6,2020,787000,898000,1.96,38.38,14226,14084
15/06/2020,15,6,2020,793000,902000,1.96,37.12,14299,14157
14/06/2020,14,6,2020,791000,900000,1.96,36.26,14393,14249
13/06/2020,13,6,2020,791000,900000,1.96,36.26,14393,14249
12/6/2020,12,6,2020,777000,886000,1.96,36.26,14393,14249
11/6/2020,11,6,2020,784000,893000,1.96,36.34,14393,14249
10/6/2020,10,6,2020,769000,881000,1.96,39.6,14786,14638
9/6/2020,9,6,2020,761000,875000,1.96,38.94,14660,14514
8/6/2020,8,6,2020,762000,876000,1.96,38.19,14660,14514
7/6/2020,7,6,2020,762000,876000,1.96,39.55,14620,14474
6/6/2020,6,6,2020,762000,876000,1.96,39.55,15203,15051
5/6/2020,5,6,2020,778000,888000,1.96,39.55,15203,15051
4/6/2020,4,6,2020,776000,887000,1.96,37.41,16639,16473
3/6/2020,3,6,2020,801000,904000,1.96,37.29,14338,14196
2/6/2020,2,6,2020,823000,920000,1.96,36.81,13730,13594
1/6/2020,1,6,2020,815000,914000,1.96,35.44,14031,13891
31/05/2020,31,5,2020,815000,914000,2.19,35.49,14807,14659
30/05/2020,30,5,2020,815000,914000,2.19,35.49,14807,14659
29/05/2020,29,5,2020,813000,913000,2.19,35.49,14807,14659
28/05/2020,28,5,2020,808000,908000,2.19,33.71,14843,14695
27/05/2020,27,5,2020,808000,909000,2.19,32.81,14835,14687
26/05/2020,26,5,2020,816000,917000,2.19,34.35,14848,14700
25/05/2020,25,5,2020,815000,916000,2.19,33.92,14859,14711
24/05/2020,24,5,2020,815000,916000,2.19,32.9,14859,14711
23/05/2020,23,5,2020,815000,916000,2.19,33.25,14859,14711
22/05/2020,22,5,2020,815000,916000,2.19,33.25,14859,14711
21/05/2020,21,5,2020,824000,926000,2.19,33.92,14859,14711
20/05/2020,20,5,2020,824000,926000,2.19,33.49,14859,14711
19/05/2020,19,5,2020,822000,924000,2.19,32.5,14897,14749
18/05/2020,18,5,2020,831000,934000,2.19,31.82,14959,14811
17/05/2020,17,5,2020,825000,919000,2.19,29.43,14984,14834
16/05/2020,16,5,2020,825000,919000,2.19,29.43,14984,14834
15/05/2020,15,5,2020,823000,917000,2.19,29.43,14984,14834
14/05/2020,14,5,2020,815000,910000,2.19,27.56,15021,14871
13/05/2020,13,5,2020,812000,908000,2.19,25.29,14961,14813
12/5/2020,12,5,2020,806000,903000,2.19,25.78,14511,14367
11/5/2020,11,5,2020,812000,911000,2.19,24.14,14511,14367
10/5/2020,10,5,2020,812000,911000,2.19,24.74,14941,14793
9/5/2020,9,5,2020,812000,911000,2.19,24.74,14696,14550
8/5/2020,8,5,2020,819000,918000,2.19,24.74,14696,14550
7/5/2020,7,5,2020,813000,913000,2.19,23.55,14171,14030
6/5/2020,6,5,2020,813000,913000,2.19,23.99,14171,14030
5/5/2020,5,5,2020,812000,913000,2.19,24.56,15180,15028
4/5/2020,4,5,2020,813000,914000,2.19,20.39,14239,14097
3/5/2020,3,5,2020,817000,916000,2.19,19.78,14239,14097
2/5/2020,2,5,2020,817000,916000,2.19,19.78,13786,13648
1/5/2020,1,5,2020,829000,928000,2.19,19.78,15233,15081
30/04/2020,30,4,2020,829000,928000,2.67,18.84,15233,15081
29/04/2020,29,4,2020,829000,928000,2.67,15.06,15492,15338
28/04/2020,28,4,2020,834000,935000,2.67,12.34,15565,15411
27/04/2020,27,4,2020,838000,939000,2.67,12.78,15669,15513
26/04/2020,26,4,2020,842000,943000,2.67,16.94,15233,15081
25/04/2020,25,4,2020,842000,943000,2.67,16.94,15233,15081
24/04/2020,24,4,2020,843000,944000,2.67,16.94,15233,15081
23/04/2020,23,4,2020,833000,934000,2.67,16.5,15708,15552
22/04/2020,22,4,2020,827000,928000,2.67,13.78,15645,15489
21/04/2020,21,4,2020,823000,924000,2.67,10.01,15721,15565
20/04/2020,20,4,2020,816000,917000,2.67,-37.63,15621,15465
19/04/2020,19,4,2020,825000,927000,2.67,18.27,15581,15425
18/04/2020,18,4,2020,825000,927000,2.67,18.27,15581,15425
17/04/2020,17,4,2020,840000,942000,2.67,18.27,15581,15425
16/04/2020,16,4,2020,837000,939000,2.67,19.87,15866,15708
15/04/2020,15,4,2020,840000,943000,2.67,19.87,15786,15628
14/04/2020,14,4,2020,844000,948000,2.67,20.11,15801,15643
13/04/2020,13,4,2020,848000,952000,2.67,22.41,15919,15761
12/4/2020,12,4,2020,846000,951000,2.67,22.76,14253,14111
11/4/2020,11,4,2020,846000,951000,2.67,22.76,14630,14484
10/4/2020,10,4,2020,836000,938000,2.67,22.76,14866,14718
9/4/2020,9,4,2020,836000,938000,2.67,22.76,14866,14718
8/4/2020,8,4,2020,845000,946000,2.67,25.09,14770,14624
7/4/2020,7,4,2020,862000,963000,2.67,23.63,14236,14094
6/4/2020,6,4,2020,832000,931000,2.67,26.08,14236,14094
5/4/2020,5,4,2020,835000,934000,2.67,28.34,15148,14998
4/4/2020,4,4,2020,835000,934000,2.67,28.34,14242,14100
3/4/2020,3,4,2020,845000,944000,2.67,28.34,14242,14100
2/4/2020,2,4,2020,822000,918000,2.67,25.32,13829,13691
1/4/2020,1,4,2020,818000,911000,2.67,20.31,16449,16285
31/03/2020,31,3,2020,832000,924000,2.96,20.48,16449,16285
30/03/2020,30,3,2020,835000,926000,2.96,20.09,16418,16254
29/03/2020,29,3,2020,835000,924000,2.96,21.51,16311,16149
28/03/2020,28,3,2020,835000,924000,2.96,21.51,16311,16149
27/03/2020,27,3,2020,835000,924000,2.96,21.51,16311,16149
26/03/2020,26,3,2020,837000,924000,2.96,22.6,16410,16246
25/03/2020,25,3,2020,836000,919000,2.96,24.49,16568,16404
24/03/2020,24,3,2020,836000,919000,2.96,24.01,16568,16404
23/03/2020,23,3,2020,780000,861000,2.96,23.36,16691,16525
22/03/2020,22,3,2020,791000,870000,2.96,22.43,16354,16192
21/03/2020,21,3,2020,791000,870000,2.96,22.43,16354,16192
20/03/2020,20,3,2020,743000,824000,2.96,22.43,16354,16192
19/03/2020,19,3,2020,732000,814000,2.96,25.22,15791,15633
18/03/2020,18,3,2020,745000,826000,2.96,20.37,15299,15147
17/03/2020,17,3,2020,719000,801000,2.96,26.95,15158,15008
16/03/2020,16,3,2020,741000,819000,2.96,28.7,14892,14744
15/03/2020,15,3,2020,730000,809000,2.96,31.73,14889,14741
14/03/2020,14,3,2020,730000,809000,2.96,31.73,14889,14741
13/03/2020,13,3,2020,734000,812000,2.96,31.73,14889,14741
12/3/2020,12,3,2020,756000,831000,2.96,31.5,14248,14106
11/3/2020,11,3,2020,764000,839000,2.96,32.98,14682,14536
10/3/2020,10,3,2020,767000,842000,2.96,34.36,14892,14744
9/3/2020,9,3,2020,776000,851000,2.96,31.13,14892,14744
8/3/2020,8,3,2020,765000,842000,2.96,41.28,14787,14639
7/3/2020,7,3,2020,765000,842000,2.96,41.28,14639,14493
6/3/2020,6,3,2020,760000,837000,2.96,41.28,14316,14174
5/3/2020,5,3,2020,744000,822000,2.96,45.9,16546,16382
4/3/2020,4,3,2020,749000,827000,2.96,46.78,16546,16382
3/3/2020,3,3,2020,737000,815000,2.96,47.18,14293,14151
2/3/2020,2,3,2020,732000,810000,2.96,46.75,13795,13657
1/3/2020,1,3,2020,728000,806000,2.96,44.76,13969,13830
29/02/2020,29,2,2020,728000,806000,2.98,44.76,14305,14163
28/02/2020,28,2,2020,738000,816000,2.98,44.76,14305,14163
27/02/2020,27,2,2020,735000,813000,2.98,47.09,14088,13948
26/02/2020,26,2,2020,730000,808000,2.98,48.73,14036,13896
25/02/2020,25,2,2020,731000,809000,2.98,49.9,13962,13824
24/02/2020,24,2,2020,731000,809000,2.98,51.43,13932,13794
23/02/2020,23,2,2020,725000,804000,2.98,53.38,13846,13708
22/02/2020,22,2,2020,725000,804000,2.98,53.38,13846,13708
21/02/2020,21,2,2020,714000,793000,2.98,53.38,13846,13708
20/02/2020,20,2,2020,708000,788000,2.98,53.78,13804,13666
19/02/2020,19,2,2020,702000,783000,2.98,53.29,13786,13648
18/02/2020,18,2,2020,697000,779000,2.98,52.05,13744,13608
17/02/2020,17,2,2020,696000,779000,2.98,52.2,13761,13625
16/02/2020,16,2,2020,697000,780000,2.98,52.36,13776,13638
15/02/2020,15,2,2020,697000,780000,2.98,52.05,13776,13638
14/02/2020,14,2,2020,692000,777000,2.98,52.05,13776,13638
13/02/2020,13,2,2020,689000,774000,2.98,51.42,13747,13611
12/2/2020,12,2,2020,689000,774000,2.98,51.17,14235,14093
11/2/2020,11,2,2020,692000,776000,2.98,49.94,14792,14644
10/2/2020,10,2,2020,690000,775000,2.98,49.57,14964,14816
9/2/2020,9,2,2020,687000,772000,2.98,50.32,14878,14730
8/2/2020,8,2,2020,687000,772000,2.98,50.32,14589,14443
7/2/2020,7,2,2020,687000,772000,2.98,50.32,14589,14443
6/2/2020,6,2,2020,685000,770000,2.98,50.95,14575,14429
5/2/2020,5,2,2020,687000,771000,2.98,50.75,16825,16657
4/2/2020,4,2,2020,695000,778000,2.98,49.61,16825,16657
3/2/2020,3,2,2020,696000,779000,2.98,50.11,14485,14341
2/2/2020,2,2,2020,697000,781000,2.98,51.56,13964,13826
1/2/2020,1,2,2020,697000,781000,2.98,51.56,13964,13826
31/01/2020,31,1,2020,690000,774000,2.68,51.56,13730,13594
30/01/2020,30,1,2020,690000,774000,2.68,52.14,13720,13584
29/01/2020,29,1,2020,687000,771000,2.68,53.33,13702,13566
28/01/2020,28,1,2020,690000,774000,2.68,53.48,13715,13579
27/01/2020,27,1,2020,690000,774000,2.68,53.14,13680,13544
26/01/2020,26,1,2020,683000,768000,2.68,54.19,13700,13564
25/01/2020,25,1,2020,683000,768000,2.68,54.19,13700,13564
24/01/2020,24,1,2020,683000,768000,2.68,54.19,13700,13564
23/01/2020,23,1,2020,686000,772000,2.68,55.59,13694,13558
22/01/2020,22,1,2020,683000,769000,2.68,56.74,13746,13610
21/01/2020,21,1,2020,684000,771000,2.68,58.34,13726,13590
20/01/2020,20,1,2020,682000,769000,2.68,58.73,13722,13586
19/01/2020,19,1,2020,682000,770000,2.68,59.27,13716,13580
18/01/2020,18,1,2020,682000,770000,2.68,58.54,13716,13580
17/01/2020,17,1,2020,680000,768000,2.68,58.54,13716,13580
16/01/2020,16,1,2020,685000,772000,2.68,58.52,13726,13590
15/01/2020,15,1,2020,679000,767000,2.68,57.81,13775,13637
14/01/2020,14,1,2020,679000,767000,2.68,58.23,13722,13586
13/01/2020,13,1,2020,692000,778000,2.68,58.08,13777,13639
12/1/2020,12,1,2020,693000,780000,2.68,59.04,14249,14107
11/1/2020,11,1,2020,693000,780000,2.68,59.04,14950,14802
10/1/2020,10,1,2020,690000,777000,2.68,59.04,14950,14802
9/1/2020,9,1,2020,696000,782000,2.68,59.56,14688,14542
8/1/2020,8,1,2020,714000,799000,2.68,59.61,14413,14269
7/1/2020,7,1,2020,700000,784000,2.68,62.7,14413,14269
6/1/2020,6,1,2020,700000,783000,2.68,63.27,14030,13891
5/1/2020,5,1,2020,693000,774000,2.68,63.05,13968,13829
4/1/2020,4,1,2020,693000,774000,2.68,63.05,13968,13829
3/1/2020,3,1,2020,683000,766000,2.68,63.05,13968,13829
2/1/2020,2,1,2020,678000,762000,2.68,61.18,13964,13825
1/1/2020,1,1,2020,678000,762000,2.68,61.33,13970,13831
30/12/2019,30,12,2019,678000,762000,2.72,61.68,14014.73,13875.28
29/12/2019,29,12,2019,678000,762000,2.72,61.72,14025.78,13886.22
28/12/2019,28,12,2019,678000,762000,2.72,61.72,14025.78,13886.22
27/12/2019,27,12,2019,678000,762000,2.72,61.72,14025.78,13886.22
26/12/2019,26,12,2019,673000,758000,2.72,61.68,14051.91,13912.09
25/12/2019,25,12,2019,665000,752000,2.72,60.52,14047.89,13908.11
24/12/2019,24,12,2019,665000,752000,2.72,60.52,14047.89,13908.11
23/12/2019,23,12,2019,665000,752000,2.72,60.52,14047.89,13908.11
21/12/2019,21,12,2019,665000,752000,2.72,60.44,14062.97,13923.04
20/12/2019,20,12,2019,664000,751000,2.72,60.44,14062.97,13923.04
19/12/2019,19,12,2019,664000,751000,2.72,61.22,14052.92,13913.09
18/12/2019,18,12,2019,664500,752000,2.72,60.93,14077.04,13936.97
17/12/2019,17,12,2019,664000,751000,2.72,60.94,14088.09,13947.91
16/12/2019,16,12,2019,662500,749000,2.72,60.21,14051.91,13912.09
15/12/2019,15,12,2019,663000,750000,2.72,60.07,14051.91,13912.09
14/12/2019,14,12,2019,663000,750000,2.72,60.07,14051.91,13912.09
13/12/2019,13,12,2019,661000,746000,2.72,60.07,14051.91,13912.09
12/12/2019,12,12,2019,664500,750000,2.72,59.18,14112.21,13971.79
11/12/2019,11,12,2019,658500,744000,2.72,58.76,14095.13,13954.88
10/12/2019,10,12,2019,658000,743000,2.72,59.24,14074.02,13933.98
9/12/2019,9,12,2019,659000,744000,2.72,59.02,14091.11,13950.9
8/12/2019,8,12,2019,662500,747000,2.72,59.2,14107.19,13966.82
7/12/2019,7,12,2019,662500,747000,2.72,59.2,14107.19,13966.82
6/12/2019,6,12,2019,668000,751000,2.72,59.2,14107.19,13966.82
5/12/2019,5,12,2019,669500,752000,2.72,58.43,14164.47,14023.53
4/12/2019,4,12,2019,670500,753000,2.72,58.43,14195.63,14054.38
3/12/2019,3,12,2019,663000,747000,2.72,56.1,14200.65,14059.35
2/12/2019,2,12,2019,661500,746000,2.72,55.96,14192.61,14051.39
1/12/2019,1,12,2019,663500,747000,2.72,55.17,14172.51,14031.49
30/11/2019,30,11,2019,663500,747000,3,55.17,14172.51,14031.49
29/11/2019,29,11,2019,659500,744000,3,55.17,14172.51,14031.49
28/11/2019,28,11,2019,659500,744000,3,58.08,14169.5,14028.51
27/11/2019,27,11,2019,661000,745000,3,58.11,14166.48,14025.52
26/11/2019,26,11,2019,658000,743000,3,58.41,14151.41,14010.6
25/11/2019,25,11,2019,661500,747000,3,58.01,14161.46,14020.55
24/11/2019,24,11,2019,662000,747000,3,57.77,14170.5,14029.5
23/11/2019,23,11,2019,662000,747000,3,57.77,14170.5,14029.5
22/11/2019,22,11,2019,664000,748000,3,57.77,14170.5,14029.5
21/11/2019,21,11,2019,667000,751000,3,58.58,14182.56,14041.44
20/11/2019,20,11,2019,667000,751000,3,57.11,14167.49,14026.52
19/11/2019,19,11,2019,665000,749000,3,55.21,14161.46,14020.55
18/11/2019,18,11,2019,664000,748000,3,57.05,14145.38,14004.63
17/11/2019,17,11,2019,664000,747000,3,57.72,14139.35,13998.66
16/11/2019,16,11,2019,664000,747000,3,57.72,14139.35,13998.66
15/11/2019,15,11,2019,665500,748000,3,57.72,14139.35,13998.66
14/11/2019,14,11,2019,662000,746000,3,56.77,14168.49,14027.51
13/11/2019,13,11,2019,658500,743000,3,57.12,14152.41,14011.59
12/11/2019,12,11,2019,656500,741000,3,56.8,14129.3,13988.71
11/11/2019,11,11,2019,658000,742000,3,56.86,14110.2,13969.8
10/11/2019,10,11,2019,658000,741000,3,57.24,14090.1,13949.9
9/11/2019,9,11,2019,658000,741000,3,57.24,14090.1,13949.9
8/11/2019,8,11,2019,661000,745000,3,57.24,14090.1,13949.9
7/11/2019,7,11,2019,669500,750000,3,57.15,14110.2,13969.8
6/11/2019,6,11,2019,669500,750000,3,56.35,14061.96,13922.04
5/11/2019,5,11,2019,678000,758000,3,57.23,14101.16,13960.85
4/11/2019,4,11,2019,683000,763000,3,56.54,14072.01,13931.99
3/11/2019,3,11,2019,684000,764000,3,56.2,14136.33,13995.67
2/11/2019,2,11,2019,684000,764000,3,56.2,14136.33,13995.67
1/11/2019,1,11,2019,684000,764000,3,56.2,14136.33,13995.67
31/10/2019,31,10,2019,674000,755000,3.13,54.18,14078.04,13937.96
30/10/2019,30,10,2019,670900,751000,3.13,55.06,14114.22,13973.78
29/10/2019,29,10,2019,671000,752000,3.13,55.54,14098.14,13957.86
28/10/2019,28,10,2019,679000,757000,3.13,55.81,14093.11,13952.89
27/10/2019,27,10,2019,679000,757000,3.13,56.66,14134.32,13993.68
26/10/2019,26,10,2019,679000,757000,3.13,56.66,14134.32,13993.68
25/10/2019,25,10,2019,675000,754000,3.13,56.66,14134.32,13993.68
24/10/2019,24,10,2019,673000,752000,3.13,56.23,14065.98,13926.02
23/10/2019,23,10,2019,672000,751000,3.13,55.97,14121.25,13980.75
22/10/2019,22,10,2019,673000,752000,3.13,54.16,14128.29,13987.71
21/10/2019,21,10,2019,677000,756000,3.13,53.31,14202.66,14061.34
20/10/2019,20,10,2019,678000,756000,3.13,53.78,14210.7,14069.3
19/10/2019,19,10,2019,678000,756000,3.13,53.78,14210.7,14069.3
18/10/2019,18,10,2019,680000,758000,3.13,53.78,14210.7,14069.3
17/10/2019,17,10,2019,679000,758000,3.13,53.93,14242.86,14101.14
16/10/2019,16,10,2019,673000,752000,3.13,53.36,14257.93,14116.07
15/10/2019,15,10,2019,676000,756000,3.13,52.81,14210.7,14069.3
14/10/2019,14,10,2019,675000,754000,3.13,53.59,14196.63,14055.37
13/10/2019,13,10,2019,677000,756000,3.13,54.7,14210,14068
12/10/2019,12,10,2019,677000,756000,3.13,54.7,14210,14068
11/10/2019,11,10,2019,679000,758000,3.13,54.7,14210,14068
10/10/2019,10,10,2019,690000,766000,3.13,53.55,14228,14086
9/10/2019,9,10,2019,687000,762000,3.13,52.59,14253,14111
8/10/2019,8,10,2019,679000,756000,3.13,52.63,14241,14099
7/10/2019,7,10,2019,684000,761000,3.13,52.75,14227,14085
6/10/2019,6,10,2019,684000,761000,3.13,52.81,14206,14064
5/10/2019,5,10,2019,684000,761000,3.13,52.81,14206,14064
4/10/2019,4,10,2019,688000,764000,3.13,52.81,14206,14064
3/10/2019,3,10,2019,685000,762000,3.13,52.45,14264,14122
2/10/2019,2,10,2019,676000,755000,3.13,52.64,14278,14136
1/10/2019,1,10,2019,672000,751000,3.13,53.62,14267,14125
30/09/2019,30,9,2019,683000,761000,3.39,54.07,14245,14103
29/09/2019,29,9,2019,684000,761000,3.39,55.91,14268,14126
28/09/2019,28,9,2019,684000,761000,3.39,55.91,14268,14126
27/09/2019,27,9,2019,685000,762000,3.39,55.91,14268,14126
26/09/2019,26,9,2019,685000,762000,3.39,56.41,14233,14091
25/09/2019,25,9,2019,693000,769000,3.39,56.49,14205,14063
24/09/2019,24,9,2019,688000,765000,3.39,57.29,14169,14029
23/09/2019,23,9,2019,685000,762000,3.39,58.64,14147,14007
22/09/2019,22,9,2019,687000,763000,3.39,58.09,14155,14015
21/09/2019,21,9,2019,687000,763000,3.39,58.09,14155,14015
20/09/2019,20,9,2019,680000,756000,3.39,58.09,14155,14015
19/09/2019,19,9,2019,675000,752000,3.39,58.13,14169,14029
18/09/2019,18,9,2019,680000,757000,3.39,58.11,14150,14010
17/09/2019,17,9,2019,675000,753000,3.39,59.34,14171,14029
16/09/2019,16,9,2019,676000,753000,3.39,62.9,14090,13950
15/09/2019,15,9,2019,668000,745000,3.39,54.85,14020,13880
14/09/2019,14,9,2019,668000,745000,3.39,54.85,14020,13880
13/09/2019,13,9,2019,676000,753000,3.39,54.85,14020,13880
12/9/2019,12,9,2019,676000,752000,3.39,55.09,14122,13982
11/9/2019,11,9,2019,675000,751000,3.39,55.75,14133,13993
10/9/2019,10,9,2019,678000,754000,3.39,57.4,14101,13961
9/9/2019,9,9,2019,682000,758000,3.39,57.85,14162,14022
8/9/2019,8,9,2019,684000,759000,3.39,56.52,14211,14069
7/9/2019,7,9,2019,684000,759000,3.39,56.52,14211,14069
6/9/2019,6,9,2019,688000,765000,3.39,56.52,14211,14069
5/9/2019,5,9,2019,700000,775000,3.39,56.3,14224,14082
4/9/2019,4,9,2019,699000,775000,3.39,56.26,14289,14147
3/9/2019,3,9,2019,691000,765000,3.39,53.94,14288,14146
2/9/2019,2,9,2019,695000,768000,3.39,54.66,14261,14119
1/9/2019,1,9,2019,690000,763000,3.39,54.8,14308,14166
31/08/2019,31,8,2019,690000,763000,3.49,55.1,14308,14166
30/08/2019,30,8,2019,693000,766000,3.49,55.1,14308,14166
29/08/2019,29,8,2019,699000,771000,3.49,56.71,14325,14183
28/08/2019,28,8,2019,698000,772000,3.49,55.78,14334,14192
27/08/2019,27,8,2019,694000,766500,3.49,54.93,14306,14164
26/08/2019,26,8,2019,700000,774000,3.49,53.64,14332,14190
25/08/2019,25,8,2019,692000,765000,3.49,54.17,14320,14178
24/08/2019,24,8,2019,692000,765000,3.49,54.17,14320,14178
23/08/2019,23,8,2019,679000,751000,3.49,54.17,14320,14178
22/08/2019,22,8,2019,683000,755000,3.49,55.35,14305,14163
21/08/2019,21,8,2019,684000,756000,3.49,55.68,14330,14188
20/08/2019,20,8,2019,678000,749000,3.49,56.34,14333,14191
19/08/2019,19,8,2019,684000,757000,3.49,56.21,14274,14132
18/08/2019,18,8,2019,688000,759000,3.49,54.87,14329,14187
17/08/2019,17,8,2019,688000,759000,3.49,54.87,14329,14187
16/08/2019,16,8,2019,694000,766000,3.49,54.87,14329,14187
15/08/2019,15,8,2019,687000,759000,3.49,54.47,14367,14225
14/08/2019,14,8,2019,682000,754000,3.49,55.23,14305,14163
13/08/2019,13,8,2019,683000,755000,3.49,57.1,14354,14212
12/8/2019,12,8,2019,674000,749000,3.49,54.93,14291,14149
11/8/2019,11,8,2019,674000,747000,3.49,54.5,14266,14124
10/8/2019,10,8,2019,674000,747000,3.49,54.5,14266,14124
9/8/2019,9,8,2019,678000,752000,3.49,54.5,14266,14124
8/8/2019,8,8,2019,679000,753000,3.49,52.54,14302,14160
7/8/2019,7,8,2019,673000,746000,3.49,51.09,14346,14204
6/8/2019,6,8,2019,666000,739000,3.49,53.63,14416,14272
5/8/2019,5,8,2019,653000,724000,3.49,54.69,14302,14160
4/8/2019,4,8,2019,651000,722000,3.49,55.66,14274,14132
3/8/2019,3,8,2019,651000,722000,3.49,55.66,14274,14132
2/8/2019,2,8,2019,646000,717000,3.49,55.66,14274,14132
1/8/2019,1,8,2019,631000,702500,3.49,53.95,14168,14028
31/07/2019,31,7,2019,640000,711000,3.32,58.58,14096,13956
30/07/2019,30,7,2019,636000,707000,3.32,58.05,14104,13964
29/07/2019,29,7,2019,634000,705000,3.32,56.87,14080,13940
28/07/2019,28,7,2019,633000,704000,3.32,56.2,14071,13931
27/07/2019,27,7,2019,633000,704000,3.32,56.2,14071,13931
26/07/2019,26,7,2019,631000,702000,3.32,56.2,14071,13931
25/07/2019,25,7,2019,637000,708000,3.32,56.02,14056,13916
24/07/2019,24,7,2019,632000,703000,3.32,55.88,14081,13941
23/07/2019,23,7,2019,634000,705000,3.32,56.77,14043,13903
22/07/2019,22,7,2019,633000,704000,3.32,56.22,14033,13893
21/07/2019,21,7,2019,632000,703000,3.32,55.63,13983,13843
20/07/2019,20,7,2019,632000,703000,3.32,55.63,13983,13843
19/07/2019,19,7,2019,643000,714000,3.32,55.63,13983,13843
18/07/2019,18,7,2019,634000,705000,3.32,55.3,14046,13906
17/07/2019,17,7,2019,626000,697000,3.32,56.78,14019,13879
16/07/2019,16,7,2019,630000,702000,3.32,57.62,13995,13855
15/07/2019,15,7,2019,635000,706000,3.32,59.58,14040,13900
14/07/2019,14,7,2019,635000,706000,3.32,60.21,14155,14015
13/07/2019,13,7,2019,635000,706000,3.32,60.21,14155,14015
12/7/2019,12,7,2019,630000,701000,3.32,60.21,14155,14015
11/7/2019,11,7,2019,640000,711000,3.32,60.2,14159,14019
10/7/2019,10,7,2019,628000,699000,3.32,60.43,14223,14081
9/7/2019,9,7,2019,628000,699000,3.32,57.83,14200,14058
8/7/2019,8,7,2019,629000,700000,3.32,57.66,14218,14076
7/7/2019,7,7,2019,630000,701000,3.32,57.51,14219,14077
6/7/2019,6,7,2019,630000,701000,3.32,57.51,14219,14077
5/7/2019,5,7,2019,638000,709000,3.32,57.51,14219,14077
4/7/2019,4,7,2019,640000,711000,3.32,56.8,14177,14035
3/7/2019,3,7,2019,643000,714000,3.32,57.34,14231,14089
2/7/2019,2,7,2019,623000,694000,3.32,56.25,14211,14069
1/7/2019,1,7,2019,628000,699000,3.32,59.09,14188,14046
30/06/2019,30,6,2019,634000,705000,3.28,58.47,14212,14070
29/06/2019,29,6,2019,634000,705000,3.28,58.47,14212,14070
28/06/2019,28,6,2019,640000,711000,3.28,58.47,14212,14070
27/06/2019,27,6,2019,636000,707000,3.28,59.43,14251,14109
26/06/2019,26,6,2019,638000,709000,3.28,59.38,14245,14103
25/06/2019,25,6,2019,642000,713000,3.28,57.83,14209,14067
24/06/2019,24,6,2019,628000,702500,3.28,57.9,14236,14094
23/06/2019,23,6,2019,628000,699000,3.28,57.43,14187,14045
22/06/2019,22,6,2019,628000,699000,3.28,57.43,14187,14045
21/06/2019,21,6,2019,631000,702000,3.28,57.43,14187,14045
20/06/2019,20,6,2019,622000,694000,3.28,56.65,14307,14165
19/06/2019,19,6,2019,613000,684000,3.28,53.76,14342,14200
18/06/2019,18,6,2019,611000,682000,3.28,53.9,14406,14262
17/06/2019,17,6,2019,608000,679000,3.28,51.93,14418,14274
16/06/2019,16,6,2019,610000,681000,3.28,52.51,14376,14232
15/06/2019,15,6,2019,610000,681000,3.28,52.51,14376,14232
14/06/2019,14,6,2019,610000,681000,3.28,52.51,14376,14232
13/06/2019,13,6,2019,604000,675000,3.28,52.28,14341,14199
12/6/2019,12,6,2019,595000,673000,3.28,51.14,14305,14163
11/6/2019,11,6,2019,595000,673000,3.28,53.27,14329,14187
10/6/2019,10,6,2019,600000,681000,3.28,53.26,14302,14160
9/6/2019,9,6,2019,587000,662000,3.28,53.99,14457,14313
8/6/2019,8,6,2019,587000,662000,3.28,53.99,14457,14313
7/6/2019,7,6,2019,587000,662000,3.28,53.99,14457,14313
6/6/2019,6,6,2019,587000,662000,3.28,52.59,14457,14313
5/6/2019,5,6,2019,587000,662000,3.28,51.68,14457,14313
4/6/2019,4,6,2019,587000,662000,3.28,53.48,14457,14313
3/6/2019,3,6,2019,587000,662000,3.28,53.25,14457,14313
2/6/2019,2,6,2019,587000,662000,3.28,53.5,14457,14313
1/6/2019,1,6,2019,587000,662000,3.28,53.5,14457,14313
31/05/2019,31,5,2019,587000,662000,3.32,53.5,14457,14313
30/05/2019,30,5,2019,587000,662000,3.32,56.59,14489,14345
29/05/2019,29,5,2019,587000,662000,3.32,58.81,14489,14345
28/05/2019,28,5,2019,587000,662000,3.32,59.14,14452,14308
27/05/2019,27,5,2019,590000,665000,3.32,59.16,14432,14288
26/05/2019,26,5,2019,591000,666000,3.32,58.77,14523,14379
25/05/2019,25,5,2019,591000,666000,3.32,58.63,14523,14379
24/05/2019,24,5,2019,591000,666000,3.32,58.63,14523,14379
23/05/2019,23,5,2019,587000,662000,3.32,57.91,14586,14440
22/05/2019,22,5,2019,587000,662000,3.32,61.42,14560,14416
21/05/2019,21,5,2019,588000,663000,3.32,62.99,14534,14390
20/05/2019,20,5,2019,588000,663000,3.32,63.1,14550,14406
19/05/2019,19,5,2019,588000,663000,3.32,62.76,14541,14397
18/05/2019,18,5,2019,588000,663000,3.32,62.76,14541,14397
17/05/2019,17,5,2019,590000,665000,3.32,62.76,14541,14397
16/05/2019,16,5,2019,592000,669000,3.32,62.87,14530,14386
15/05/2019,15,5,2019,592000,669000,3.32,62.02,14520,14376
14/05/2019,14,5,2019,592000,669000,3.32,61.78,14516,14372
13/05/2019,13,5,2019,592000,664500,3.32,61.04,14434,14290
12/5/2019,12,5,2019,592000,664000,3.32,61.66,14419,14275
11/5/2019,11,5,2019,592000,664000,3.32,61.66,14419,14275
10/5/2019,10,5,2019,591000,664000,3.32,61.66,14419,14275
9/5/2019,9,5,2019,589000,662000,3.32,61.7,14410,14266
8/5/2019,8,5,2019,591000,665500,3.32,62.12,14377,14233
7/5/2019,7,5,2019,590000,665000,3.32,61.4,14381,14237
6/5/2019,6,5,2019,588000,664000,3.32,62.25,14380,14236
5/5/2019,5,5,2019,587000,665000,3.32,61.94,14353,14211
4/5/2019,4,5,2019,587000,665000,3.32,61.94,14353,14211
3/5/2019,3,5,2019,582000,660000,3.32,61.94,14353,14211
2/5/2019,2,5,2019,583000,661000,3.32,61.81,14316,14174
1/5/2019,1,5,2019,584000,661500,3.32,63.6,14286,14144
30/04/2019,30,4,2019,584000,661500,2.83,63.91,14286,14144
29/04/2019,29,4,2019,586000,664000,2.83,63.5,14259,14117
28/04/2019,28,4,2019,586000,664500,2.83,63.3,14259,14117
27/04/2019,27,4,2019,586000,664500,2.83,63.3,14259,14117
26/04/2019,26,4,2019,581000,661000,2.83,63.3,14259,14117
25/04/2019,25,4,2019,577000,658000,2.83,65.21,14225,14083
24/04/2019,24,4,2019,575000,656000,2.83,65.89,14183,14041
23/04/2019,23,4,2019,575000,656000,2.83,66.3,14150,14010
22/04/2019,22,4,2019,574000,656000,2.83,65.7,14126,13986
21/04/2019,21,4,2019,574000,656000,2.83,64,14086,13946
20/04/2019,20,4,2019,574000,656000,2.83,64,14086,13946
19/04/2019,19,4,2019,574000,656000,2.83,64,14086,13946
18/04/2019,18,4,2019,574000,656000,2.83,64,14086,13946
17/04/2019,17,4,2019,585000,657500,2.83,63.76,14136,13996
16/04/2019,16,4,2019,585000,657500,2.83,64.05,14136,13996
15/04/2019,15,4,2019,587000,660000,2.83,63.4,14137,13997
14/04/2019,14,4,2019,587000,659500,2.83,63.89,14224,14082
13/04/2019,13,4,2019,587000,659500,2.83,63.89,14224,14082
12/4/2019,12,4,2019,587000,660000,2.83,63.89,14224,14082
11/4/2019,11,4,2019,591000,664500,2.83,63.58,14227,14085
10/4/2019,10,4,2019,590000,663500,2.83,64.61,14226,14084
9/4/2019,9,4,2019,589000,662000,2.83,63.98,14221,14079
8/4/2019,8,4,2019,589000,660500,2.83,64.4,14216,14074
7/4/2019,7,4,2019,589000,660500,2.83,63.08,14229,14087
6/4/2019,6,4,2019,589000,660500,2.83,63.08,14229,14087
5/4/2019,5,4,2019,589000,660500,2.83,63.08,14229,14087
4/4/2019,4,4,2019,589000,661000,2.83,62.1,14253,14111
3/4/2019,3,4,2019,588000,660000,2.83,62.46,14308,14166
2/4/2019,2,4,2019,588000,660000,2.83,62.58,14308,14166
1/4/2019,1,4,2019,588000,660000,2.83,61.59,14302,14160
31/03/2019,31,3,2019,593000,665000,2.48,60.14,14315,14173
30/03/2019,30,3,2019,593000,665000,2.48,60.14,14315,14173
29/03/2019,29,3,2019,593000,665000,2.48,60.14,14315,14173
28/03/2019,28,3,2019,593000,665000,2.48,59.3,14326,14184
27/03/2019,27,3,2019,595000,667000,2.48,59.41,14273,14131
26/03/2019,26,3,2019,600000,672000,2.48,59.94,14242,14100
25/03/2019,25,3,2019,594000,666000,2.48,58.82,14294,14152
24/03/2019,24,3,2019,594000,667000,2.48,59.04,14228,14086
23/03/2019,23,3,2019,594000,667000,2.48,59.04,14228,14086
22/03/2019,22,3,2019,591000,663000,2.48,59.04,14228,14086
21/03/2019,21,3,2019,599000,671000,2.48,59.98,14173,14031
20/03/2019,20,3,2019,595000,667500,2.48,59.83,14302,14160
19/03/2019,19,3,2019,594000,666500,2.48,59.03,14299,14157
18/03/2019,18,3,2019,579000,669500,2.48,59.09,14313,14171
17/03/2019,17,3,2019,597000,671000,2.48,58.52,14382,14238
16/03/2019,16,3,2019,597000,671000,2.48,58.52,14382,14238
15/03/2019,15,3,2019,592000,666000,2.48,58.52,14382,14238
14/03/2019,14,3,2019,598000,671000,2.48,58.61,14324,14182
13/03/2019,13,3,2019,598000,670000,2.48,58.26,14340,14198
12/3/2019,12,3,2019,593000,665000,2.48,56.87,14322,14180
11/3/2019,11,3,2019,591000,663500,2.48,56.79,14396,14252
10/3/2019,10,3,2019,587000,660000,2.48,56.07,14294,14152
9/3/2019,9,3,2019,587000,660000,2.48,56.07,14294,14152
8/3/2019,8,3,2019,583000,655500,2.48,56.07,14294,14152
7/3/2019,7,3,2019,584000,656500,2.48,56.66,14200,14058
6/3/2019,6,3,2019,584000,656500,2.48,56.22,14200,14058
5/3/2019,5,3,2019,583000,656000,2.48,56.56,14217,14075
4/3/2019,4,3,2019,585000,656500,2.48,56.59,14220,14078
3/3/2019,3,3,2019,585000,660000,2.48,55.8,14182,14040
2/3/2019,2,3,2019,585000,660000,2.48,55.8,14182,14040
1/3/2019,1,3,2019,592000,664000,2.48,55.8,14182,14040
28/02/2019,28,2,2019,592000,665000,2.57,57.22,14132,13992
27/02/2019,27,2,2019,596000,670000,2.57,56.94,14074,13934
26/02/2019,26,2,2019,596000,671000,2.57,55.5,14060,13920
25/02/2019,25,2,2019,599000,674000,2.57,55.48,14077,13937
24/02/2019,24,2,2019,599000,675000,2.57,57.26,14149,14009
23/02/2019,23,2,2019,599000,675000,2.57,57.26,14149,14009
22/02/2019,22,2,2019,597000,673000,2.57,57.26,14149,14009
21/02/2019,21,2,2019,603000,677000,2.57,56.96,14127,13987
20/02/2019,20,2,2019,605000,680000,2.57,56.92,14125,13985
19/02/2019,19,2,2019,599000,674000,2.57,56.09,14190,14048
18/02/2019,18,2,2019,597000,671000,2.57,56.27,14177,14035
17/02/2019,17,2,2019,597000,672000,2.57,56.33,14187,14045
16/02/2019,16,2,2019,597000,672000,2.57,55.59,14187,14045
15/02/2019,15,2,2019,593000,668000,2.57,55.59,14187,14045
14/02/2019,14,2,2019,587000,664000,2.57,54.41,14163,14023
13/02/2019,13,2,2019,590000,667000,2.57,53.9,14097,13957
12/2/2019,12,2,2019,587000,664000,2.57,53.1,14158,14018
11/2/2019,11,2,2019,589000,666000,2.57,52.41,14065,13925
10/2/2019,10,2,2019,589000,666000,2.57,52.72,14062,13922
9/2/2019,9,2,2019,589000,666000,2.57,52.72,14062,13922
8/2/2019,8,2,2019,587000,665000,2.57,52.72,14062,13922
7/2/2019,7,2,2019,584000,663000,2.57,52.64,14048,13908
6/2/2019,6,2,2019,589000,666000,2.57,54.01,14017,13877
5/2/2019,5,2,2019,589000,666000,2.57,53.66,14046,13906
4/2/2019,4,2,2019,589000,666000,2.57,54.56,14046,13906
3/2/2019,3,2,2019,596000,670000,2.57,55.26,14048,13908
2/2/2019,2,2,2019,596000,670000,2.57,55.26,14048,13908
1/2/2019,1,2,2019,596000,670000,2.57,55.26,14048,13908
31/01/2019,31,1,2019,597000,671000,2.82,53.79,14142,14002
30/01/2019,30,1,2019,591000,667000,2.82,54.23,14183,14041
29/01/2019,29,1,2019,586000,663000,2.82,53.31,14168,14028
28/01/2019,28,1,2019,590000,666000,2.82,51.99,14108,13968
27/01/2019,27,1,2019,590000,668000,2.82,53.69,14234,14092
26/01/2019,26,1,2019,590000,668000,2.82,53.69,14234,14092
25/01/2019,25,1,2019,580000,658000,2.82,53.69,14234,14092
24/01/2019,24,1,2019,583000,660000,2.82,53.13,14212,14070
23/01/2019,23,1,2019,585000,662000,2.82,52.62,14259,14117
22/01/2019,22,1,2019,583000,660000,2.82,52.57,14292,14150
21/01/2019,21,1,2019,584000,661000,2.82,54.24,14283,14141
20/01/2019,20,1,2019,586000,663000,2.82,53.65,14253,14111
19/01/2019,19,1,2019,586000,663000,2.82,53.8,14253,14111
18/01/2019,18,1,2019,586000,663000,2.82,53.8,14253,14111
17/01/2019,17,1,2019,586000,663000,2.82,52.07,14229,14087
16/01/2019,16,1,2019,582000,661000,2.82,52.31,14225,14083
15/01/2019,15,1,2019,581000,660000,2.82,52.11,14154,14014
14/01/2019,14,1,2019,581000,660000,2.82,50.51,14122,13982
13/01/2019,13,1,2019,581000,660000,2.82,51.59,14146,14006
12/1/2019,12,1,2019,581000,660000,2.82,51.59,14146,14006
11/1/2019,11,1,2019,581000,660000,2.82,51.59,14146,14006
10/1/2019,10,1,2019,584000,662000,2.82,52.59,14163,14023
9/1/2019,9,1,2019,578000,657000,2.82,52.36,14191,14049
8/1/2019,8,1,2019,582000,660000,2.82,49.78,14101,13961
7/1/2019,7,1,2019,589000,664000,2.82,48.52,14176,14034
6/1/2019,6,1,2019,591000,664000,2.82,47.96,14422,14278
5/1/2019,5,1,2019,591000,664000,2.82,47.96,14422,14278
4/1/2019,4,1,2019,599000,672000,2.82,47.96,14422,14278
3/1/2019,3,1,2019,595000,667000,2.82,47.09,14546,14402
2/1/2019,2,1,2019,593000,665000,2.82,46.54,14537,14393
1/1/2019,1,1,2019,594000,665000,2.82,45.89,14553,14409
31/12/2018,31,12,2018,594000,665000,3.13,45.41,14553,14409
30/12/2018,30,12,2018,594000,665000,3.13,45.33,14615,14469
29/12/2018,29,12,2018,594000,665000,3.13,45.33,14615,14469
28/12/2018,28,12,2018,594000,665000,3.13,45.33,14615,14469
27/12/2018,27,12,2018,594000,665000,3.13,44.61,14636,14490
26/12/2018,26,12,2018,586000,622000,3.13,46.22,14675,14529
25/12/2018,25,12,2018,584000,660000,3.13,43.16,14552,14408
24/12/2018,24,12,2018,584000,660000,3.13,42.53,14552,14408
23/12/2018,23,12,2018,584000,660000,3.13,45.59,14552,14408
22/12/2018,22,12,2018,584000,660000,3.13,45.59,14552,14408
21/12/2018,21,12,2018,584000,660000,3.13,45.59,14552,14408
20/12/2018,20,12,2018,574000,653000,3.13,45.88,14571,14427
19/12/2018,19,12,2018,582000,658000,3.13,47.2,14452,14308
18/12/2018,18,12,2018,584000,659000,3.13,46.24,14596,14450
17/12/2018,17,12,2018,577000,655000,3.13,49.88,14690,14544
16/12/2018,16,12,2018,579000,656000,3.13,51.2,14611,14465
15/12/2018,15,12,2018,579000,656000,3.13,51.2,14611,14465
14/12/2018,14,12,2018,579000,656000,3.13,51.2,14611,14465
13/12/2018,13,12,2018,583000,659000,3.13,52.58,14609,14463
12/12/2018,12,12,2018,583000,659000,3.13,51.15,14650,14504
11/12/2018,11,12,2018,579000,657000,3.13,51.65,14686,14540
10/12/2018,10,12,2018,583000,660000,3.13,51,14590,14444
9/12/2018,9,12,2018,576000,656000,3.13,52.61,14612,14466
8/12/2018,8,12,2018,576000,656000,3.13,52.61,14612,14466
7/12/2018,7,12,2018,576000,656000,3.13,52.61,14612,14466
6/12/2018,6,12,2018,571000,653000,3.13,51.49,14580,14434
5/12/2018,5,12,2018,563000,651000,3.13,52.89,14455,14311
4/12/2018,4,12,2018,563000,647500,3.13,53.25,14364,14222
3/12/2018,3,12,2018,562000,646000,3.13,52.95,14323,14181
2/12/2018,2,12,2018,566000,650000,3.13,50.93,14411,14267
1/12/2018,1,12,2018,566000,650000,3.13,50.93,14411,14267
30/11/2018,30,11,2018,566000,650000,3.23,50.93,14411,14267
29/11/2018,29,11,2018,569000,652000,3.23,51.45,14480,14336
28/11/2018,28,11,2018,565000,648000,3.23,50.29,14608,14462
27/11/2018,27,11,2018,570000,652000,3.23,51.56,14577,14431
26/11/2018,26,11,2018,571000,653000,3.23,51.63,14624,14478
25/11/2018,25,11,2018,575000,611050,3.23,50.42,14625,14479
24/11/2018,24,11,2018,575000,611050,3.23,50.42,14625,14479
23/11/2018,23,11,2018,575000,611050,3.23,50.42,14625,14479
22/11/2018,22,11,2018,587000,618112,3.23,54.02,14665,14519
21/11/2018,21,11,2018,572000,608023,3.23,54.63,14691,14545
20/11/2018,20,11,2018,572000,608023,3.23,53.43,14659,14513
19/11/2018,19,11,2018,572000,608023,3.23,56.76,14659,14513
18/11/2018,18,11,2018,575000,610041,3.23,56.46,14667,14521
17/11/2018,17,11,2018,575000,610041,3.23,56.46,14667,14521
16/11/2018,16,11,2018,575000,610041,3.23,56.46,14667,14521
15/11/2018,15,11,2018,573000,608023,3.23,56.46,14838,14690
14/11/2018,14,11,2018,575000,609032,3.23,56.25,14829,14681
13/11/2018,13,11,2018,568000,606005,3.23,55.69,14969,14821
12/11/2018,12,11,2018,568000,604996,3.23,59.93,14821,14673
11/11/2018,11,11,2018,575000,608023,3.23,60.19,14705,14559
10/11/2018,10,11,2018,575000,608023,3.23,60.19,14705,14559
9/11/2018,9,11,2018,575000,608023,3.23,60.19,14705,14559
8/11/2018,8,11,2018,580000,611050,3.23,60.67,14724,14578
7/11/2018,7,11,2018,587000,616095,3.23,61.67,14838,14690
6/11/2018,6,11,2018,591000,619122,3.23,62.21,14965,14817
5/11/2018,5,11,2018,587000,618113,3.23,63.1,15047,14897
4/11/2018,4,11,2018,600000,627194,3.23,63.14,15164,15014
3/11/2018,3,11,2018,600000,627194,3.23,63.14,15164,15014
2/11/2018,2,11,2018,600000,627194,3.23,63.14,15164,15014
1/11/2018,1,11,2018,594000,621140,3.23,63.69,15271,15119
31/10/2018,31,10,2018,598000,624167,3.16,65.31,15303,15151
30/10/2018,30,10,2018,600000,627194,3.16,66.18,15313,15161
29/10/2018,29,10,2018,600000,627194,3.16,67.04,15294,15142
28/10/2018,28,10,2018,600000,627194,3.16,67.59,15283,15131
27/10/2018,27,10,2018,600000,627194,3.16,67.59,15283,15131
26/10/2018,26,10,2018,600000,627194,3.16,67.59,15283,15131
25/10/2018,25,10,2018,601000,628203,3.16,67.33,15286,15134
24/10/2018,24,10,2018,600000,628203,3.16,66.82,15269,15117
23/10/2018,23,10,2018,596000,623158,3.16,66.43,15284,15132
22/10/2018,22,10,2018,598000,626185,3.16,69.17,15268,15116
21/10/2018,21,10,2018,597000,624167,3.16,69.12,15297,15145
20/10/2018,20,10,2018,597000,624167,3.16,69.12,15297,15145
19/10/2018,19,10,2018,597000,624167,3.16,69.12,15297,15145
18/10/2018,18,10,2018,595000,622149,3.16,68.65,15263,15111
17/10/2018,17,10,2018,598000,625176,3.16,69.75,15254,15102
16/10/2018,16,10,2018,600000,627194,3.16,71.92,15282,15130
15/10/2018,15,10,2018,595000,623158,3.16,71.78,15322,15170
14/10/2018,14,10,2018,597000,626184,3.16,71.34,15270,15118
13/10/2018,13,10,2018,597000,626184,3.16,71.34,15270,15118
12/10/2018,12,10,2018,597000,626184,3.16,71.34,15270,15118
11/10/2018,11,10,2018,584000,615086,3.16,70.97,15329,15177
10/10/2018,10,10,2018,581000,615086,3.16,73.17,15291,15139
9/10/2018,9,10,2018,581000,614076,3.16,74.96,15309,15157
8/10/2018,8,10,2018,587000,621140,3.16,74.29,15269,15117
7/10/2018,7,10,2018,583000,617104,3.16,74.34,15258,15106
6/10/2018,6,10,2018,583000,617104,3.16,74.34,15258,15106
5/10/2018,5,10,2018,583000,617104,3.16,74.34,15258,15106
4/10/2018,4,10,2018,581000,616094,3.16,74.33,15209,15057
3/10/2018,3,10,2018,580000,616094,3.16,76.41,15163,15013
2/10/2018,2,10,2018,569000,608022,3.16,75.23,15063,14913
1/10/2018,1,10,2018,570000,609032,3.16,75.3,14980,14830
30/09/2018,30,9,2018,567000,606004,2.88,73.25,15004,14854
29/09/2018,29,9,2018,567000,606004,2.88,73.25,15004,14854
28/09/2018,28,9,2018,567000,606004,2.88,73.25,15004,14854
27/09/2018,27,9,2018,574000,612058,2.88,72.12,14994,14844
26/09/2018,26,9,2018,574000,613068,2.88,71.57,15013,14863
25/09/2018,25,9,2018,572000,612058,2.88,72.28,14967,14819
24/09/2018,24,9,2018,570000,609032,2.88,72.08,14939,14791
23/09/2018,23,9,2018,576000,614076,2.88,70.78,14898,14750
22/09/2018,22,9,2018,576000,614076,2.88,70.78,14898,14750
21/09/2018,21,9,2018,576000,614076,2.88,70.78,14898,14750
20/09/2018,20,9,2018,576000,614076,2.88,70.8,14913,14765
19/09/2018,19,9,2018,573000,612058,2.88,71.12,14970,14822
18/09/2018,18,9,2018,572000,610040,2.88,69.85,14983,14833
17/09/2018,17,9,2018,569000,607014,2.88,68.91,14933,14785
16/09/2018,16,9,2018,571000,609032,2.88,68.99,14909,14761
15/09/2018,15,9,2018,571000,609032,2.88,68.99,14909,14761
14/09/2018,14,9,2018,571000,609032,2.88,68.99,14909,14761
13/09/2018,13,9,2018,576000,613068,2.88,68.59,14868,14720
12/9/2018,12,9,2018,573000,608022,2.88,70.37,14937,14789
11/9/2018,11,9,2018,572000,604996,2.88,69.25,14909,14761
10/9/2018,10,9,2018,573000,608022,2.88,67.54,14958,14810
9/9/2018,9,9,2018,573000,608022,2.88,67.75,14958,14810
8/9/2018,8,9,2018,573000,608022,2.88,67.75,14958,14810
7/9/2018,7,9,2018,573000,608022,2.88,67.75,14958,14810
6/9/2018,6,9,2018,573000,607014,2.88,67.77,14965,14817
5/9/2018,5,9,2018,567000,600960,2.88,68.72,15002,14852
4/9/2018,4,9,2018,569000,601968,2.88,69.87,14914,14766
3/9/2018,3,9,2018,566000,599950,2.88,70.12,14841,14693
2/9/2018,2,9,2018,565000,597932,2.88,69.92,14785,14637
1/9/2018,1,9,2018,565000,597932,3.2,69.8,14785,14637
31/08/2018,31,8,2018,565000,597932,3.2,69.8,14785,14637
30/08/2018,30,8,2018,567000,600960,3.2,70.25,14728,14582
29/08/2018,29,8,2018,564000,597932,3.2,69.51,14716,14570
28/08/2018,28,8,2018,567000,600960,3.2,68.53,14687,14541
27/08/2018,27,8,2018,565000,599950,3.2,68.87,14683,14537
26/08/2018,26,8,2018,555000,593896,3.2,68.72,14728,14582
25/08/2018,25,8,2018,555000,593896,3.2,68.72,14728,14582
24/08/2018,24,8,2018,555000,593896,3.2,68.72,14728,14582
23/08/2018,23,8,2018,559000,595914,3.2,67.83,14693,14547
22/08/2018,22,8,2018,557000,594906,3.2,67.86,14641,14495
21/08/2018,21,8,2018,557000,594906,3.2,67.35,14641,14495
20/08/2018,20,8,2018,555000,593896,3.2,66.43,14651,14505
19/08/2018,19,8,2018,550000,590870,3.2,65.91,14692,14546
18/08/2018,18,8,2018,550000,590870,3.2,65.91,14692,14546
17/08/2018,17,8,2018,550000,590870,3.2,65.91,14692,14546
16/08/2018,16,8,2018,550000,590870,3.2,65.46,14692,14546
15/08/2018,15,8,2018,560000,594906,3.2,65.01,14694,14548
14/08/2018,14,8,2018,559000,594906,3.2,67.04,14698,14552
13/08/2018,13,8,2018,561000,595914,3.2,67.2,14656,14510
12/8/2018,12,8,2018,561000,595914,3.2,67.63,14509,14365
11/8/2018,11,8,2018,561000,595914,3.2,67.63,14509,14365
10/8/2018,10,8,2018,561000,595914,3.2,67.63,14509,14365
9/8/2018,9,8,2018,562000,596924,3.2,66.81,14494,14350
8/8/2018,8,8,2018,564000,598942,3.2,66.94,14511,14367
7/8/2018,7,8,2018,562000,597932,3.2,69.17,14557,14413
6/8/2018,6,8,2018,565000,599950,3.2,69.01,14553,14409
5/8/2018,5,8,2018,561000,596924,3.2,68.49,14576,14430
4/8/2018,4,8,2018,561000,596924,3.2,68.49,14576,14430
3/8/2018,3,8,2018,561000,596924,3.2,68.49,14576,14430
2/8/2018,2,8,2018,564000,599950,3.2,68.96,14518,14374
1/8/2018,1,8,2018,566000,601968,3.2,67.66,14514,14370
31/07/2018,31,7,2018,565000,599950,3.18,68.76,14485,14341
30/07/2018,30,7,2018,576000,604996,3.18,70.13,14481,14337
29/07/2018,29,7,2018,576000,604996,3.18,68.69,14555,14411
28/07/2018,28,7,2018,576000,604996,3.18,68.69,14555,14411
27/07/2018,27,7,2018,576000,604996,3.18,68.69,14555,14411
26/07/2018,26,7,2018,576000,608022,3.18,69.61,14515,14371
25/07/2018,25,7,2018,568000,601968,3.18,69.3,14588,14442
24/07/2018,24,7,2018,568000,601968,3.18,68.52,14614,14468
23/07/2018,23,7,2018,574000,606004,3.18,67.89,14526,14382
22/07/2018,22,7,2018,566000,600960,3.18,70.46,14593,14447
21/07/2018,21,7,2018,566000,600960,3.18,70.46,14593,14447
20/07/2018,20,7,2018,566000,600960,3.18,70.46,14593,14447
19/07/2018,19,7,2018,567000,601968,3.18,69.46,14490,14346
18/07/2018,18,7,2018,567000,601968,3.18,68.76,14478,14334
17/07/2018,17,7,2018,573000,606004,3.18,68.08,14463,14319
16/07/2018,16,7,2018,571000,606004,3.18,68.06,14468,14324
15/07/2018,15,7,2018,575000,609032,3.18,71.01,14430,14286
14/07/2018,14,7,2018,575000,609032,3.18,71.01,14430,14286
13/07/2018,13,7,2018,575000,609032,3.18,71.01,14430,14286
12/7/2018,12,7,2018,572000,607014,3.18,70.33,14507,14363
11/7/2018,11,7,2018,576000,609032,3.18,70.38,14463,14319
10/7/2018,10,7,2018,577000,610040,3.18,74.11,14398,14254
9/7/2018,9,7,2018,579000,612058,3.18,73.85,14404,14260
8/7/2018,8,7,2018,580000,612058,3.18,73.8,14481,14337
7/7/2018,7,7,2018,580000,612058,3.18,73.8,14481,14337
6/7/2018,6,7,2018,580000,612058,3.18,73.8,14481,14337
5/7/2018,5,7,2018,577000,610040,3.18,72.94,14459,14315
4/7/2018,4,7,2018,578000,611050,3.18,74.13,14415,14271
3/7/2018,3,7,2018,569000,604996,3.18,74.14,14490,14346
2/7/2018,2,7,2018,576000,610040,3.18,73.94,14403,14259
1/7/2018,1,7,2018,570000,604996,3.12,74.15,14476,14332
30/06/2018,30,6,2018,570000,604996,3.12,74.15,14476,14332
29/06/2018,29,6,2018,570000,604996,3.12,74.15,14476,14332
28/06/2018,28,6,2018,567000,602978,3.12,73.45,14342,14200
27/06/2018,27,6,2018,570000,606004,3.12,72.76,14234,14092
26/06/2018,26,6,2018,570000,606004,3.12,70.53,14234,14092
25/06/2018,25,6,2018,572000,608022,3.12,68.08,14176,14034
24/06/2018,24,6,2018,570000,606004,3.12,68.58,14173,14031
23/06/2018,23,6,2018,570000,606004,3.12,68.58,14173,14031
22/06/2018,22,6,2018,570000,606004,3.12,68.58,14173,14031
21/06/2018,21,6,2018,564000,600960,3.12,65.54,14160,14020
20/06/2018,20,6,2018,575000,611050,3.12,66.22,13972,13832
19/06/2018,19,6,2018,575000,611050,3.12,65.07,13972,13832
18/06/2018,18,6,2018,575000,611050,3.12,65.85,13972,13832
17/06/2018,17,6,2018,575000,611050,3.12,65.06,13972,13832
16/06/2018,16,6,2018,575000,611050,3.12,65.06,13972,13832
15/06/2018,15,6,2018,575000,611050,3.12,65.06,13972,13832
14/06/2018,14,6,2018,575000,611050,3.12,66.89,13972,13832
13/06/2018,13,6,2018,575000,611050,3.12,66.64,13972,13832
12/6/2018,12,6,2018,575000,611050,3.12,66.36,13972,13832
11/6/2018,11,6,2018,575000,611050,3.12,66.1,13972,13832
10/6/2018,10,6,2018,575000,611050,3.12,65.74,13972,13832
9/6/2018,9,6,2018,575000,611050,3.12,65.74,13972,13832
8/6/2018,8,6,2018,575000,611050,3.12,65.74,13972,13832
7/6/2018,7,6,2018,575000,611050,3.12,65.95,13937,13799
6/6/2018,6,6,2018,576000,608022,3.12,64.73,13944,13806
5/6/2018,5,6,2018,576000,609032,3.12,65.52,13956,13818
4/6/2018,4,6,2018,576000,614076,3.12,64.75,13941,13803
3/6/2018,3,6,2018,584000,615086,3.12,65.81,14021,13881
2/6/2018,2,6,2018,584000,615086,3.12,65.81,14021,13881
1/6/2018,1,6,2018,584000,615086,3.12,65.81,14021,13881
31/05/2018,31,5,2018,584000,615086,3.23,67.04,14021,13881
30/05/2018,30,5,2018,585000,617104,3.23,68.21,14102,13962
29/05/2018,29,5,2018,587000,621140,3.23,66.73,14135,13995
28/05/2018,28,5,2018,587000,621140,3.23,67.05,14135,13995
27/05/2018,27,5,2018,592000,618112,3.23,67.36,14237,14095
26/05/2018,26,5,2018,592000,618112,3.23,67.88,14237,14095
25/05/2018,25,5,2018,592000,618112,3.23,67.88,14237,14095
24/05/2018,24,5,2018,587000,616094,3.23,70.71,14276,14134
23/05/2018,23,5,2018,585000,616094,3.23,71.84,14263,14121
22/05/2018,22,5,2018,585000,613068,3.23,72.13,14249,14107
21/05/2018,21,5,2018,580000,612058,3.23,72.24,14247,14105
20/05/2018,20,5,2018,579000,613068,3.23,71.28,14178,14036
19/05/2018,19,5,2018,579000,613068,3.23,71.28,14178,14036
18/05/2018,18,5,2018,579000,613068,3.23,71.28,14178,14036
17/05/2018,17,5,2018,580000,611050,3.23,71.49,14144,14004
16/05/2018,16,5,2018,578000,615086,3.23,71.49,14164,14024
15/05/2018,15,5,2018,585000,616094,3.23,71.31,14090,13950
14/05/2018,14,5,2018,587000,621140,3.23,70.96,14046,13906
13/05/2018,13,5,2018,591000,619122,3.23,70.7,14118,13978
12/5/2018,12,5,2018,591000,619122,3.23,70.7,14118,13978
11/5/2018,11,5,2018,591000,619122,3.23,70.7,14118,13978
10/5/2018,10,5,2018,590000,617104,3.23,71.36,14144,14004
9/5/2018,9,5,2018,590000,617104,3.23,71.14,14144,14004
8/5/2018,8,5,2018,585000,616094,3.23,69.06,14106,13966
7/5/2018,7,5,2018,582000,616094,3.23,70.73,14026,13886
6/5/2018,6,5,2018,582000,612058,3.23,69.72,14013,13873
5/5/2018,5,5,2018,582000,612058,3.23,69.72,14013,13873
4/5/2018,4,5,2018,582000,612058,3.23,69.72,14013,13873
3/5/2018,3,5,2018,579000,610040,3.23,68.43,14035,13895
2/5/2018,2,5,2018,575000,614076,3.23,67.93,14006,13866
1/5/2018,1,5,2018,582000,614076,3.23,67.25,13946,13808
30/04/2018,30,4,2018,582000,614076,3.41,68.57,13946,13808
29/04/2018,29,4,2018,582000,614076,3.41,68.1,13948,13810
28/04/2018,28,4,2018,582000,614076,3.41,68.1,13948,13810
27/04/2018,27,4,2018,582000,614076,3.41,68.1,13948,13810
26/04/2018,26,4,2018,582000,617104,3.41,68.19,14000,13860
25/04/2018,25,4,2018,588000,614076,3.41,68.05,13957,13819
24/04/2018,24,4,2018,585000,614076,3.41,67.7,13970,13830
23/04/2018,23,4,2018,585000,617104,3.41,68.64,13963,13825
22/04/2018,22,4,2018,587000,620130,3.41,68.38,13873,13735
21/04/2018,21,4,2018,587000,620130,3.41,68.38,13873,13735
20/04/2018,20,4,2018,587000,620130,3.41,68.38,13873,13735
19/04/2018,19,4,2018,591000,619122,3.41,68.29,13847,13709
18/04/2018,18,4,2018,589000,619122,3.41,68.47,13839,13701
17/04/2018,17,4,2018,589000,617104,3.41,66.52,13839,13701
16/04/2018,16,4,2018,587000,615086,3.41,66.22,13835,13697
15/04/2018,15,4,2018,585000,620130,3.41,67.39,13822,13684
14/04/2018,14,4,2018,585000,620130,3.41,67.39,13822,13684
13/04/2018,13,4,2018,585000,620130,3.41,67.39,13822,13684
12/4/2018,12,4,2018,590000,616094,3.41,67.07,13832,13694
11/4/2018,11,4,2018,586000,615086,3.41,66.82,13816,13678
10/4/2018,10,4,2018,586000,611050,3.41,65.51,13828,13690
9/4/2018,9,4,2018,582000,612058,3.41,63.42,13840,13702
8/4/2018,8,4,2018,582000,612058,3.41,62.06,13840,13702
7/4/2018,7,4,2018,582000,612058,3.41,62.06,13840,13702
6/4/2018,6,4,2018,582000,612058,3.41,62.06,13840,13702
5/4/2018,5,4,2018,581000,615086,3.41,63.54,13836,13698
4/4/2018,4,4,2018,581000,615086,3.41,63.37,13829,13691
3/4/2018,3,4,2018,584000,609032,3.41,63.51,13834,13696
2/4/2018,2,4,2018,577000,608022,3.41,63.01,13819,13681
1/4/2018,1,4,2018,577000,612058,3.4,64.94,13825,13687
31/03/2018,31,3,2018,577000,612058,3.4,64.94,13825,13687
30/03/2018,30,3,2018,577000,612058,3.4,64.94,13825,13687
29/03/2018,29,3,2018,577000,612058,3.4,64.94,13825,13687
28/03/2018,28,3,2018,582000,619122,3.4,64.38,13814,13676
27/03/2018,27,3,2018,589000,618112,3.4,65.25,13777,13639
26/03/2018,26,3,2018,587000,610040,3.4,65.55,13845,13707
25/03/2018,25,3,2018,579000,611050,3.4,65.88,13849,13711
24/03/2018,24,3,2018,579000,611050,3.4,65.88,13849,13711
23/03/2018,23,3,2018,579000,611050,3.4,65.88,13849,13711
22/03/2018,22,3,2018,580000,602978,3.4,64.3,13806,13668
21/03/2018,21,3,2018,571000,601968,3.4,65.17,13828,13690
20/03/2018,20,3,2018,571000,601968,3.4,63.4,13830,13692
19/03/2018,19,3,2018,571000,601968,3.4,62.06,13834,13696
18/03/2018,18,3,2018,571000,604996,3.4,62.34,13834,13696
17/03/2018,17,3,2018,571000,604996,3.4,62.34,13834,13696
16/03/2018,16,3,2018,571000,604996,3.4,62.34,13834,13696
15/03/2018,15,3,2018,575000,604996,3.4,61.19,13817,13679
14/03/2018,14,3,2018,576000,606004,3.4,60.96,13808,13670
13/03/2018,13,3,2018,576000,607014,3.4,60.71,13826,13688
12/3/2018,12,3,2018,577000,603986,3.4,61.36,13837,13699
11/3/2018,11,3,2018,574000,604996,3.4,62.04,13863,13725
10/3/2018,10,3,2018,574000,604996,3.4,62.04,13863,13725
9/3/2018,9,3,2018,574000,604996,3.4,62.04,13863,13725
8/3/2018,8,3,2018,576000,611050,3.4,60.12,13843,13705
7/3/2018,7,3,2018,582000,602978,3.4,61.15,13832,13694
6/3/2018,6,3,2018,573000,603986,3.4,62.6,13819,13681
5/3/2018,5,3,2018,574000,603986,3.4,62.57,13809,13671
4/3/2018,4,3,2018,574000,600960,3.4,61.25,13815,13677
3/3/2018,3,3,2018,574000,600960,3.4,61.25,13815,13677
2/3/2018,2,3,2018,574000,600960,3.4,61.25,13815,13677
1/3/2018,1,3,2018,570000,598942,3.4,60.99,13862,13724
28/02/2018,28,2,2018,569000,602978,3.18,61.64,13776,13638
27/02/2018,27,2,2018,576000,600960,3.18,63.01,13718,13582
26/02/2018,26,2,2018,574000,601968,3.18,63.91,13727,13591
25/02/2018,25,2,2018,574000,597932,3.18,63.55,13738,13602
24/02/2018,24,2,2018,574000,597932,3.18,63.55,13738,13602
23/02/2018,23,2,2018,574000,597932,3.18,63.55,13738,13602
22/02/2018,22,2,2018,568000,597932,3.18,62.77,13733,13597
21/02/2018,21,2,2018,567000,601968,3.18,61.68,13650,13514
20/02/2018,20,2,2018,571000,603986,3.18,61.9,13641,13505
19/02/2018,19,2,2018,572000,609032,3.18,62.38,13609,13473
18/02/2018,18,2,2018,579000,603986,3.18,61.72,13638,13502
17/02/2018,17,2,2018,579000,603986,3.18,61.68,13638,13502
16/02/2018,16,2,2018,579000,603986,3.18,61.68,13638,13502
15/02/2018,15,2,2018,579000,603986,3.18,61.34,13638,13502
14/02/2018,14,2,2018,573000,598942,3.18,60.6,13725,13589
13/02/2018,13,2,2018,568000,596924,3.18,59.19,13712,13576
12/2/2018,12,2,2018,567000,597932,3.18,59.29,13677,13541
11/2/2018,11,2,2018,568000,594906,3.18,59.2,13711,13575
10/2/2018,10,2,2018,568000,594906,3.18,59.2,13711,13575
9/2/2018,9,2,2018,568000,594906,3.18,59.2,13711,13575
8/2/2018,8,2,2018,565000,596924,3.18,61.15,13670,13534
7/2/2018,7,2,2018,569000,598942,3.18,61.79,13601,13465
6/2/2018,6,2,2018,569000,593896,3.18,63.39,13646,13510
5/2/2018,5,2,2018,565000,598942,3.18,64.15,13565,13431
4/2/2018,4,2,2018,570000,598942,3.18,65.45,13495,13361
3/2/2018,3,2,2018,570000,598942,3.18,65.45,13495,13361
2/2/2018,2,2,2018,570000,598942,3.18,65.45,13495,13361
1/2/2018,1,2,2018,570000,593896,3.18,65.8,13469,13335
31/01/2018,31,1,2018,564000,596924,3.25,64.73,13480,13346
30/01/2018,30,1,2018,564000,596924,3.25,64.5,13465,13331
29/01/2018,29,1,2018,568000,593896,3.25,65.56,13394,13260
28/01/2018,28,1,2018,565000,596924,3.25,66.14,13370,13236
27/01/2018,27,1,2018,565000,596924,3.25,66.14,13370,13236
26/01/2018,26,1,2018,565000,596924,3.25,66.14,13370,13236
25/01/2018,25,1,2018,570000,590870,3.25,65.51,13356,13224
24/01/2018,24,1,2018,565000,587842,3.25,65.61,13388,13254
23/01/2018,23,1,2018,562000,588852,3.25,64.47,13385,13251
22/01/2018,22,1,2018,563000,588852,3.25,63.49,13401,13267
21/01/2018,21,1,2018,561000,588852,3.25,63.37,13398,13264
20/01/2018,20,1,2018,561000,588852,3.25,63.37,13398,13264
19/01/2018,19,1,2018,561000,588852,3.25,63.37,13398,13264
18/01/2018,18,1,2018,561000,592888,3.25,63.95,13432,13298
17/01/2018,17,1,2018,566000,594906,3.25,63.97,13390,13256
16/01/2018,16,1,2018,566000,595914,3.25,63.73,13400,13266
15/01/2018,15,1,2018,567000,595914,3.25,64.73,13397,13263
14/01/2018,14,1,2018,565000,593896,3.25,64.28,13429,13295
13/01/2018,13,1,2018,565000,593896,3.25,64.3,13429,13295
12/1/2018,12,1,2018,565000,593896,3.25,64.3,13429,13295
11/1/2018,11,1,2018,564000,590870,3.25,63.8,13494,13360
10/1/2018,10,1,2018,562000,592888,3.25,63.57,13516,13382
9/1/2018,9,1,2018,563000,593896,3.25,62.96,13495,13361
8/1/2018,8,1,2018,563000,595914,3.25,61.73,13464,13330
7/1/2018,7,1,2018,565000,592888,3.25,61.44,13472,13338
6/1/2018,6,1,2018,565000,592888,3.25,61.44,13472,13338
5/1/2018,5,1,2018,565000,592888,3.25,61.44,13472,13338
4/1/2018,4,1,2018,561000,597932,3.25,62.01,13541,13407
3/1/2018,3,1,2018,567000,594906,3.25,61.63,13565,13431
2/1/2018,2,1,2018,565000,592888,3.25,60.37,13610,13474
1/1/2018,1,1,2018,563000,590870,3.25,60.24,13616,13480
31/12/2017,31,12,2017,563000,590870,3.61,60.42,13616,13480
30/12/2017,30,12,2017,563000,590870,3.61,60.42,13616,13480
29/12/2017,29,12,2017,561000,588852,3.61,60.42,13616,13480
28/12/2017,28,12,2017,559000,587842,3.61,59.84,13628,13492
27/12/2017,27,12,2017,558000,581788,3.61,59.64,13630,13494
26/12/2017,26,12,2017,553000,582798,3.61,59.97,13626,13490
25/12/2017,25,12,2017,553000,582798,3.61,58.59,13626,13490
24/12/2017,24,12,2017,553000,582798,3.61,58.47,13626,13490
23/12/2017,23,12,2017,553000,582798,3.61,58.47,13626,13490
22/12/2017,22,12,2017,553000,582798,3.61,58.47,13626,13490
21/12/2017,21,12,2017,554000,580780,3.61,58.36,13613,13477
20/12/2017,20,12,2017,552000,580780,3.61,58.09,13647,13511
19/12/2017,19,12,2017,552000,577752,3.61,57.46,13655,13519
18/12/2017,18,12,2017,549000,577752,3.61,57.16,13652,13516
17/12/2017,17,12,2017,549000,578762,3.61,57.3,13641,13505
16/12/2017,16,12,2017,549000,578762,3.61,57.3,13641,13505
15/12/2017,15,12,2017,549000,578762,3.61,57.3,13641,13505
14/12/2017,14,12,2017,550000,573716,3.61,57.04,13633,13497
13/12/2017,13,12,2017,545000,573112,3.61,56.6,13657,13521
12/12/2017,12,12,2017,544000,574120,3.61,57.14,13618,13482
11/12/2017,11,12,2017,544000,573716,3.61,57.99,13614,13478
10/12/2017,10,12,2017,544000,576744,3.61,57.36,13624,13488
9/12/2017,9,12,2017,544000,576744,3.61,57.36,13624,13488
8/12/2017,8,12,2017,544000,576744,3.61,57.36,13624,13488
7/12/2017,7,12,2017,549000,576744,3.61,56.69,13620,13484
6/12/2017,6,12,2017,549000,580780,3.61,55.96,13592,13456
5/12/2017,5,12,2017,553000,578762,3.61,57.62,13583,13447
4/12/2017,4,12,2017,552000,582798,3.61,57.47,13595,13459
3/12/2017,3,12,2017,555000,585824,3.61,58.36,13582,13446
2/12/2017,2,12,2017,555000,585824,3.61,58.36,13582,13446
1/12/2017,1,12,2017,555000,585824,3.61,58.36,13582,13446
30/11/2017,30,11,2017,555000,585824,3.3,57.4,13582,13446
29/11/2017,29,11,2017,558000,586834,3.3,57.3,13583,13447
28/11/2017,28,11,2017,560000,584816,3.3,57.99,13595,13459
27/11/2017,27,11,2017,558000,585824,3.3,58.11,13579,13443
26/11/2017,26,11,2017,558000,586834,3.3,58.95,13574,13438
25/11/2017,25,11,2017,558000,586834,3.3,58.95,13574,13438
24/11/2017,24,11,2017,558000,586834,3.3,58.95,13574,13438
23/11/2017,23,11,2017,559000,584816,3.3,58.38,13571,13435
22/11/2017,22,11,2017,557000,582798,3.3,58.02,13591,13455
21/11/2017,21,11,2017,556000,588852,3.3,56.83,13612,13476
20/11/2017,20,11,2017,561000,583807,3.3,56.09,13597,13461
19/11/2017,19,11,2017,556000,583807,3.3,56.55,13585,13449
18/11/2017,18,11,2017,556000,583807,3.3,56.55,13585,13449
17/11/2017,17,11,2017,556000,583807,3.3,56.55,13585,13449
16/11/2017,16,11,2017,556000,583807,3.3,55.14,13606,13470
15/11/2017,15,11,2017,556000,582798,3.3,55.33,13607,13471
14/11/2017,14,11,2017,556000,581789,3.3,55.7,13610,13474
13/11/2017,13,11,2017,557000,585825,3.3,56.76,13623,13487
12/11/2017,12,11,2017,557000,584816,3.3,56.74,13582,13446
11/11/2017,11,11,2017,557000,584816,3.3,56.74,13582,13446
10/11/2017,10,11,2017,557000,584816,3.3,56.74,13582,13446
9/11/2017,9,11,2017,555000,582798,3.3,57.17,13582,13446
8/11/2017,8,11,2017,553000,584816,3.3,56.81,13592,13456
7/11/2017,7,11,2017,555000,583807,3.3,57.2,13572,13436
6/11/2017,6,11,2017,554000,585825,3.3,57.35,13597,13461
5/11/2017,5,11,2017,557000,585825,3.3,55.64,13568,13432
4/11/2017,4,11,2017,557000,585825,3.3,55.64,13568,13432
3/11/2017,3,11,2017,557000,585825,3.3,55.64,13568,13432
2/11/2017,2,11,2017,558000,582798,3.3,54.54,13630,13494
1/11/2017,1,11,2017,555000,585825,3.3,54.3,13660,13524
31/10/2017,31,10,2017,557000,586834,3.58,54.38,13640,13504
30/10/2017,30,10,2017,557000,581789,3.58,54.15,13648,13512
29/10/2017,29,10,2017,552000,587843,3.58,53.9,13698,13562
28/10/2017,28,10,2017,552000,587843,3.58,53.9,13698,13562
27/10/2017,27,10,2017,552000,587843,3.58,53.9,13698,13562
26/10/2017,26,10,2017,558000,584816,3.58,52.64,13628,13492
25/10/2017,25,10,2017,555000,588852,3.58,52.18,13638,13502
24/10/2017,24,10,2017,558000,583807,3.58,52.47,13597,13461
23/10/2017,23,10,2017,555000,587843,3.58,51.9,13603,13467
22/10/2017,22,10,2017,558000,582798,3.58,51.47,13585,13449
21/10/2017,21,10,2017,558000,582798,3.58,51.47,13585,13449
20/10/2017,20,10,2017,558000,582798,3.58,51.47,13585,13449
19/10/2017,19,10,2017,553300,583807,3.58,51.29,13589,13453
18/10/2017,18,10,2017,553300,585825,3.58,52.04,13582,13446
17/10/2017,17,10,2017,555000,589861,3.58,51.88,13557,13423
16/10/2017,16,10,2017,560000,585825,3.58,51.87,13550,13416
15/10/2017,15,10,2017,557000,583807,3.58,51.45,13576,13440
14/10/2017,14,10,2017,557000,583807,3.58,51.45,13576,13440
13/10/2017,13,10,2017,557000,583807,3.58,51.45,13576,13440
12/10/2017,12,10,2017,558000,581789,3.58,50.6,13589,13453
11/10/2017,11,10,2017,557000,578762,3.58,51.3,13577,13441
10/10/2017,10,10,2017,550000,573717,3.58,50.92,13558,13424
9/10/2017,9,10,2017,547000,567663,3.58,49.58,13572,13436
8/10/2017,8,10,2017,544000,567658,3.58,49.29,13552,13418
7/10/2017,7,10,2017,544000,567658,3.58,49.29,13552,13418
6/10/2017,6,10,2017,544000,567658,3.58,49.29,13552,13418
5/10/2017,5,10,2017,544000,567000,3.58,50.79,13550,13416
4/10/2017,4,10,2017,544000,564000,3.58,49.98,13556,13422
3/10/2017,3,10,2017,545000,566000,3.58,50.42,13650,13514
2/10/2017,2,10,2017,545000,568000,3.58,50.58,13566,13432
1/10/2017,1,10,2017,545000,565000,3.72,51.67,13559,13425
30/09/2017,30,9,2017,545000,565000,3.72,51.67,13559,13425
29/09/2017,29,9,2017,545000,565000,3.72,51.67,13559,13425
28/09/2017,28,9,2017,543000,567000,3.72,51.56,13531,13397
27/09/2017,27,9,2017,545000,570000,3.72,52.14,13451,13317
26/09/2017,26,9,2017,547000,566000,3.72,51.88,13415,13281
25/09/2017,25,9,2017,543000,564000,3.72,52.22,13372,13238
24/09/2017,24,9,2017,544000,569000,3.72,50.66,13392,13258
23/09/2017,23,9,2017,544000,569000,3.72,50.66,13392,13258
22/09/2017,22,9,2017,544000,569000,3.72,50.66,13392,13258
21/09/2017,21,9,2017,548000,567000,3.72,50.55,13336,13204
20/09/2017,20,9,2017,548000,567000,3.72,50.41,13336,13204
19/09/2017,19,9,2017,545000,569000,3.72,49.48,13324,13192
18/09/2017,18,9,2017,547000,574000,3.72,49.91,13304,13172
17/09/2017,17,9,2017,552000,569000,3.72,49.89,13327,13195
16/09/2017,16,9,2017,552000,569000,3.72,49.89,13327,13195
15/09/2017,15,9,2017,552000,569000,3.72,49.89,13327,13195
14/09/2017,14,9,2017,547000,572000,3.72,49.89,13305,13173
13/09/2017,13,9,2017,550000,571000,3.72,49.3,13275,13143
12/9/2017,12,9,2017,550000,577000,3.72,48.23,13252,13120
11/9/2017,11,9,2017,560000,582000,3.72,48.07,13220,13088
10/9/2017,10,9,2017,562000,576000,3.72,47.48,13350,13218
9/9/2017,9,9,2017,562000,576000,3.72,47.48,13350,13218
8/9/2017,8,9,2017,562000,576000,3.72,47.48,13350,13218
7/9/2017,7,9,2017,556000,579000,3.72,49.09,13398,13264
6/9/2017,6,9,2017,559000,577000,3.72,49.16,13404,13270
5/9/2017,5,9,2017,557000,578000,3.72,48.66,13403,13269
4/9/2017,4,9,2017,557000,571000,3.72,47.41,13412,13278
3/9/2017,3,9,2017,550000,571000,3.72,47.32,13418,13284
2/9/2017,2,9,2017,550000,571000,3.72,47.29,13418,13284
1/9/2017,1,9,2017,550000,571000,3.72,47.29,13418,13284
31/08/2017,31,8,2017,550000,571000,3.82,47.23,13418,13284
30/08/2017,30,8,2017,550000,574000,3.82,45.96,13410,13276
29/08/2017,29,8,2017,553000,565000,3.82,46.44,13415,13281
28/08/2017,28,8,2017,541000,563000,3.82,46.57,13405,13271
27/08/2017,27,8,2017,539000,564000,3.82,47.87,13415,13281
26/08/2017,26,8,2017,539000,564000,3.82,47.87,13415,13281
25/08/2017,25,8,2017,539000,564000,3.82,47.87,13415,13281
24/08/2017,24,8,2017,539000,561000,3.82,47.43,13421,13287
23/08/2017,23,8,2017,536000,564000,3.82,48.41,13409,13275
22/08/2017,22,8,2017,540000,562000,3.82,47.64,13405,13271
21/08/2017,21,8,2017,538000,564000,3.82,47.37,13422,13288
20/08/2017,20,8,2017,540000,558000,3.82,48.51,13435,13301
19/08/2017,19,8,2017,540000,558000,3.82,48.51,13435,13301
18/08/2017,18,8,2017,540000,558000,3.82,48.51,13435,13301
17/08/2017,17,8,2017,533000,559000,3.82,47.09,13441,13307
16/08/2017,16,8,2017,533000,559000,3.82,46.78,13441,13307
15/08/2017,15,8,2017,535000,561000,3.82,47.55,13411,13277
14/08/2017,14,8,2017,537000,561000,3.82,47.59,13411,13277
13/08/2017,13,8,2017,535000,558000,3.82,48.82,13437,13303
12/8/2017,12,8,2017,535000,558000,3.82,48.82,13437,13303
11/8/2017,11,8,2017,535000,558000,3.82,48.82,13437,13303
10/8/2017,10,8,2017,531000,555000,3.82,48.59,13405,13271
9/8/2017,9,8,2017,530000,553000,3.82,49.56,13391,13257
8/8/2017,8,8,2017,529000,553000,3.82,49.17,13386,13252
7/8/2017,7,8,2017,529000,557000,3.82,49.39,13386,13252
6/8/2017,6,8,2017,534000,557000,3.82,49.58,13391,13257
5/8/2017,5,8,2017,534000,557000,3.82,49.58,13391,13257
4/8/2017,4,8,2017,534000,557000,3.82,49.58,13391,13257
3/8/2017,3,8,2017,534000,557000,3.82,49.03,13397,13263
2/8/2017,2,8,2017,534000,557000,3.82,49.59,13398,13264
1/8/2017,1,8,2017,534000,558000,3.82,49.16,13385,13251
31/07/2017,31,7,2017,536000,555000,3.88,50.17,13390,13256
30/07/2017,30,7,2017,533000,550000,3.88,49.71,13393,13259
29/07/2017,29,7,2017,533000,550000,3.88,49.71,13393,13259
28/07/2017,28,7,2017,533000,550000,3.88,49.71,13393,13259
27/07/2017,27,7,2017,533000,550000,3.88,49.04,13382,13248
26/07/2017,26,7,2017,528000,553000,3.88,48.75,13401,13267
25/07/2017,25,7,2017,529000,554000,3.88,47.89,13387,13253
24/07/2017,24,7,2017,530000,550000,3.88,46.34,13386,13252
23/07/2017,23,7,2017,528000,550000,3.88,45.77,13390,13256
22/07/2017,22,7,2017,528000,550000,3.88,45.77,13390,13256
21/07/2017,21,7,2017,528000,550000,3.88,45.77,13390,13256
20/07/2017,20,7,2017,528000,550000,3.88,46.79,13387,13253
19/07/2017,19,7,2017,528000,547000,3.88,47.12,13371,13237
18/07/2017,18,7,2017,526000,547000,3.88,46.4,13381,13247
17/07/2017,17,7,2017,527000,542000,3.88,46.02,13380,13246
16/07/2017,16,7,2017,522000,542000,3.88,46.54,13414,13280
15/07/2017,15,7,2017,522000,542000,3.88,46.54,13414,13280
14/07/2017,14,7,2017,522000,542000,3.88,46.54,13414,13280
13/07/2017,13,7,2017,522000,542000,3.88,46.08,13409,13275
12/7/2017,12,7,2017,522000,540000,3.88,45.49,13435,13301
11/7/2017,11,7,2017,521000,539000,3.88,45.04,13454,13320
10/7/2017,10,7,2017,520000,542000,3.88,44.4,13475,13341
9/7/2017,9,7,2017,522000,543000,3.88,44.23,13464,13330
8/7/2017,8,7,2017,522000,543000,3.88,44.23,13464,13330
7/7/2017,7,7,2017,522000,543000,3.88,44.23,13464,13330
6/7/2017,6,7,2017,524000,544000,3.88,45.52,13431,13297
5/7/2017,5,7,2017,525000,541000,3.88,45.13,13416,13282
4/7/2017,4,7,2017,520000,545000,3.88,47.13,13453,13319
3/7/2017,3,7,2017,529000,547600,3.88,47.07,13392,13258
2/7/2017,2,7,2017,531000,546000,3.88,46.04,13386,13252
1/7/2017,1,7,2017,531000,546000,3.88,46.04,13386,13252
30/06/2017,30,6,2017,531000,546000,4.37,46.04,13386,13252
29/06/2017,29,6,2017,531000,546000,4.37,44.93,13386,13252
28/06/2017,28,6,2017,531000,546000,4.37,44.74,13386,13252
27/06/2017,27,6,2017,531000,546000,4.37,44.24,13386,13252
26/06/2017,26,6,2017,531000,546000,4.37,43.38,13386,13252
25/06/2017,25,6,2017,531000,546000,4.37,43.01,13386,13252
24/06/2017,24,6,2017,531000,546000,4.37,43.01,13386,13252
23/06/2017,23,6,2017,531000,546000,4.37,43.01,13386,13252
22/06/2017,22,6,2017,531000,546000,4.37,42.74,13386,13252
21/06/2017,21,6,2017,530000,545000,4.37,42.53,13368,13234
20/06/2017,20,6,2017,534000,549000,4.37,43.23,13363,13231
19/06/2017,19,6,2017,534000,548000,4.37,44.2,13352,13220
18/06/2017,18,6,2017,533000,550000,4.37,44.74,13364,13232
17/06/2017,17,6,2017,533000,550000,4.37,44.74,13364,13232
16/06/2017,16,6,2017,533000,550000,4.37,44.74,13364,13232
15/06/2017,15,6,2017,536000,552000,4.37,44.46,13348,13216
14/06/2017,14,6,2017,538000,550000,4.37,44.73,13352,13220
13/06/2017,13,6,2017,538000,552000,4.37,46.46,13360,13228
12/6/2017,12,6,2017,541000,554000,4.37,46.08,13358,13226
11/6/2017,11,6,2017,542000,556000,4.37,45.83,13358,13226
10/6/2017,10,6,2017,542000,556000,4.37,45.83,13358,13226
9/6/2017,9,6,2017,542000,556000,4.37,45.83,13358,13226
8/6/2017,8,6,2017,544000,559000,4.37,45.83,13383,13249
7/6/2017,7,6,2017,546000,555000,4.37,45.64,13374,13240
6/6/2017,6,6,2017,542000,555000,4.37,45.72,13351,13219
5/6/2017,5,6,2017,542000,550000,4.37,48.19,13353,13221
4/6/2017,4,6,2017,536000,549000,4.37,47.4,13378,13244
3/6/2017,3,6,2017,536000,549000,4.37,47.66,13378,13244
2/6/2017,2,6,2017,536000,549000,4.37,47.66,13378,13244
1/6/2017,1,6,2017,535000,550000,4.37,48.36,13388,13254
31/05/2017,31,5,2017,535000,550000,4.33,48.32,13388,13254
30/05/2017,30,5,2017,536000,550000,4.33,49.66,13403,13269
29/05/2017,29,5,2017,536000,547000,4.33,49.97,13379,13245
28/05/2017,28,5,2017,532000,546000,4.33,49.94,13361,13229
27/05/2017,27,5,2017,532000,546000,4.33,49.8,13361,13229
26/05/2017,26,5,2017,532000,546000,4.33,49.8,13361,13229
25/05/2017,25,5,2017,530000,549000,4.33,48.9,13383,13249
24/05/2017,24,5,2017,533000,548000,4.33,51.36,13383,13249
23/05/2017,23,5,2017,532000,545000,4.33,51.47,13362,13230
22/05/2017,22,5,2017,527000,549000,4.33,50.73,13363,13231
21/05/2017,21,5,2017,527000,549000,4.33,50.33,13477,13343
20/05/2017,20,5,2017,527000,549000,4.33,50.33,13477,13343
19/05/2017,19,5,2017,527000,549000,4.33,50.33,13477,13343
18/05/2017,18,5,2017,532000,544000,4.33,49.35,13410,13276
17/05/2017,17,5,2017,526000,540000,4.33,49.07,13373,13239
16/05/2017,16,5,2017,521000,539000,4.33,48.66,13364,13232
15/05/2017,15,5,2017,521000,539000,4.33,48.85,13386,13252
14/05/2017,14,5,2017,520000,540000,4.33,47.84,13407,13273
13/05/2017,13,5,2017,520000,540000,4.33,47.84,13407,13273
12/5/2017,12,5,2017,520000,540000,4.33,47.84,13407,13273
11/5/2017,11,5,2017,520000,540000,4.33,47.83,13422,13288
10/5/2017,10,5,2017,520000,540000,4.33,47.33,13422,13288
9/5/2017,9,5,2017,521000,541000,4.33,45.88,13384,13250
8/5/2017,8,5,2017,523000,538000,4.33,46.43,13391,13257
7/5/2017,7,5,2017,521000,540000,4.33,46.22,13406,13272
6/5/2017,6,5,2017,521000,540000,4.33,46.22,13406,13272
5/5/2017,5,5,2017,521000,540000,4.33,46.22,13406,13272
4/5/2017,4,5,2017,524000,547000,4.33,45.52,13397,13263
3/5/2017,3,5,2017,532000,547000,4.33,47.82,13363,13231
2/5/2017,2,5,2017,533000,549000,4.33,47.66,13383,13249
1/5/2017,1,5,2017,534000,550000,4.33,48.84,13394,13260
30/04/2017,30,4,2017,534000,550000,4.17,49.33,13394,13260
29/04/2017,29,4,2017,534000,550000,4.17,49.33,13394,13260
28/04/2017,28,4,2017,534000,550000,4.17,49.33,13394,13260
27/04/2017,27,4,2017,535000,549000,4.17,48.97,13365,13233
26/04/2017,26,4,2017,534000,555000,4.17,49.62,13344,13212
25/04/2017,25,4,2017,541000,557000,4.17,49.56,13362,13230
24/04/2017,24,4,2017,542000,555000,4.17,49.23,13387,13253
23/04/2017,23,4,2017,542000,555000,4.17,49.62,13387,13253
22/04/2017,22,4,2017,542000,555000,4.17,49.62,13387,13253
21/04/2017,21,4,2017,542000,555000,4.17,49.62,13387,13253
20/04/2017,20,4,2017,540000,559000,4.17,50.27,13395,13261
19/04/2017,19,4,2017,544000,560000,4.17,50.44,13365,13233
18/04/2017,18,4,2017,543000,558000,4.17,52.41,13365,13233
17/04/2017,17,4,2017,543000,558000,4.17,52.65,13321,13189
16/04/2017,16,4,2017,540000,554000,4.17,53.18,13330,13198
15/04/2017,15,4,2017,540000,554000,4.17,53.18,13330,13198
14/04/2017,14,4,2017,540000,554000,4.17,53.18,13330,13198
13/04/2017,13,4,2017,540000,554000,4.17,53.18,13330,13198
12/4/2017,12,4,2017,535000,551000,4.17,53.11,13364,13232
11/4/2017,11,4,2017,531000,550000,4.17,53.4,13348,13216
10/4/2017,10,4,2017,531000,549000,4.17,53.08,13390,13256
9/4/2017,9,4,2017,528000,552000,4.17,52.24,13408,13274
8/4/2017,8,4,2017,528000,552000,4.17,52.24,13408,13274
7/4/2017,7,4,2017,528000,552000,4.17,52.24,13408,13274
6/4/2017,6,4,2017,531000,551600,4.17,51.7,13394,13260
5/4/2017,5,4,2017,530000,551000,4.17,51.15,13396,13262
4/4/2017,4,4,2017,529000,549000,4.17,51.03,13393,13259
3/4/2017,3,4,2017,528000,548000,4.17,50.24,13391,13257
2/4/2017,2,4,2017,527000,551000,3.61,50.6,13388,13254
1/4/2017,1,4,2017,527000,551000,3.61,50.6,13388,13254
31/03/2017,31,3,2017,527000,551000,3.61,50.6,13388,13254
30/03/2017,30,3,2017,530000,550000,3.61,50.35,13383,13249
29/03/2017,29,3,2017,529000,552000,3.61,49.51,13390,13256
28/03/2017,28,3,2017,531000,549000,3.61,48.37,13381,13247
27/03/2017,27,3,2017,531000,549000,3.61,47.73,13381,13247
26/03/2017,26,3,2017,528000,549600,3.61,47.97,13396,13262
25/03/2017,25,3,2017,528000,549600,3.61,47.97,13396,13262
24/03/2017,24,3,2017,528000,549600,3.61,47.97,13396,13262
23/03/2017,23,3,2017,527000,547000,3.61,47.7,13399,13265
22/03/2017,22,3,2017,526000,545000,3.61,48.04,13402,13268
21/03/2017,21,3,2017,525000,544000,3.61,47.34,13375,13241
20/03/2017,20,3,2017,525000,542000,3.61,48.22,13396,13262
19/03/2017,19,3,2017,523000,541000,3.61,48.78,13409,13275
18/03/2017,18,3,2017,523000,541000,3.61,48.78,13409,13275
17/03/2017,17,3,2017,523000,541000,3.61,48.78,13409,13275
16/03/2017,16,3,2017,521000,537000,3.61,48.75,13403,13269
15/03/2017,15,3,2017,514000,538000,3.61,48.86,13442,13308
14/03/2017,14,3,2017,516000,540000,3.61,47.72,13427,13293
13/03/2017,13,3,2017,518000,541000,3.61,48.4,13431,13297
12/3/2017,12,3,2017,517000,546000,3.61,48.49,13460,13326
11/3/2017,11,3,2017,517000,546000,3.61,48.49,13460,13326
10/3/2017,10,3,2017,517000,546000,3.61,48.49,13460,13326
9/3/2017,9,3,2017,521000,549000,3.61,49.28,13440,13306
8/3/2017,8,3,2017,523000,549000,3.61,50.28,13407,13273
7/3/2017,7,3,2017,524000,552000,3.61,53.14,13417,13283
6/3/2017,6,3,2017,527000,553000,3.61,53.2,13431,13297
5/3/2017,5,3,2017,528000,556000,3.61,53.33,13442,13308
4/3/2017,4,3,2017,528000,556000,3.61,53.33,13442,13308
3/3/2017,3,3,2017,528000,556000,3.61,53.33,13442,13308
2/3/2017,2,3,2017,528000,557000,3.61,52.61,13428,13294
1/3/2017,1,3,2017,529000,556000,3.61,53.83,13428,13294
28/02/2017,28,2,2017,530000,551000,3.83,54.01,13414,13280
27/02/2017,27,2,2017,532000,551000,3.83,54.05,13406,13272
26/02/2017,26,2,2017,531000,550000,3.83,53.99,13403,13269
25/02/2017,25,2,2017,531000,550000,3.83,53.99,13403,13269
24/02/2017,24,2,2017,531000,550000,3.83,53.99,13403,13269
23/02/2017,23,2,2017,527000,551000,3.83,54.45,13427,13293
22/02/2017,22,2,2017,527000,552000,3.83,53.59,13423,13289
21/02/2017,21,2,2017,527000,550000,3.83,54.06,13437,13303
20/02/2017,20,2,2017,526000,548000,3.83,53.97,13419,13285
19/02/2017,19,2,2017,527000,549000,3.83,53.79,13395,13261
18/02/2017,18,2,2017,527000,549000,3.83,53.4,13395,13261
17/02/2017,17,2,2017,527000,549000,3.83,53.4,13395,13261
16/02/2017,16,2,2017,526000,548000,3.83,53.36,13396,13262
15/02/2017,15,2,2017,523000,554000,3.83,53.11,13397,13263
14/02/2017,14,2,2017,523000,554000,3.83,53.2,13397,13263
13/02/2017,13,2,2017,523000,552000,3.83,52.93,13397,13263
12/2/2017,12,2,2017,522000,552000,3.83,53.86,13385,13251
11/2/2017,11,2,2017,522000,552000,3.83,53.86,13385,13251
10/2/2017,10,2,2017,522000,552000,3.83,53.86,13385,13251
9/2/2017,9,2,2017,529000,550000,3.83,53,13375,13241
8/2/2017,8,2,2017,526000,547000,3.83,52.34,13404,13270
7/2/2017,7,2,2017,526000,547000,3.83,52.17,13389,13255
6/2/2017,6,2,2017,523000,547000,3.83,53.01,13396,13262
5/2/2017,5,2,2017,517000,543000,3.83,53.83,13429,13295
4/2/2017,4,2,2017,517000,543000,3.83,53.83,13429,13295
3/2/2017,3,2,2017,517000,543000,3.83,53.83,13429,13295
2/2/2017,2,2,2017,517000,543000,3.83,53.54,13441,13307
1/2/2017,1,2,2017,517000,542000,3.83,53.88,13416,13282
31/01/2017,31,1,2017,512000,547000,3.49,52.81,13410,13276
30/01/2017,30,1,2017,512000,550000,3.49,52.63,13402,13268
29/01/2017,29,1,2017,508000,553000,3.49,53.17,13426,13292
28/01/2017,28,1,2017,508000,553000,3.49,53.17,13426,13292
27/01/2017,27,1,2017,508000,553000,3.49,53.17,13426,13292
26/01/2017,26,1,2017,514000,553000,3.49,53.78,13392,13258
25/01/2017,25,1,2017,517000,551000,3.49,52.75,13407,13273
24/01/2017,24,1,2017,520000,550000,3.49,53.18,13397,13263
23/01/2017,23,1,2017,520000,553000,3.49,52.75,13439,13305
22/01/2017,22,1,2017,515000,550000,3.49,52.42,13449,13315
21/01/2017,21,1,2017,515000,550000,3.49,52.42,13449,13315
20/01/2017,20,1,2017,515000,550000,3.49,52.42,13449,13315
19/01/2017,19,1,2017,515000,549000,3.49,51.37,13443,13309
18/01/2017,18,1,2017,521000,547000,3.49,51.08,13395,13261
17/01/2017,17,1,2017,515000,547000,3.49,52.48,13448,13314
16/01/2017,16,1,2017,513000,545000,3.49,52.52,13421,13287
15/01/2017,15,1,2017,510000,545000,3.49,52.45,13375,13241
14/01/2017,14,1,2017,510000,545000,3.49,52.37,13375,13241
13/01/2017,13,1,2017,510000,545000,3.49,52.37,13375,13241
12/1/2017,12,1,2017,509000,542000,3.49,53.01,13354,13222
11/1/2017,11,1,2017,507000,546000,3.49,52.25,13394,13260
10/1/2017,10,1,2017,507000,547000,3.49,50.82,13387,13253
9/1/2017,9,1,2017,502000,546000,3.49,51.96,13452,13318
8/1/2017,8,1,2017,506000,546000,3.49,53.99,13414,13280
7/1/2017,7,1,2017,506000,546000,3.49,53.99,13414,13280
6/1/2017,6,1,2017,506000,546000,3.49,53.99,13414,13280
5/1/2017,5,1,2017,506000,546000,3.49,53.76,13437,13303
4/1/2017,4,1,2017,506000,546000,3.49,53.26,13545,13411
3/1/2017,3,1,2017,506000,546000,3.49,52.33,13552,13418
2/1/2017,2,1,2017,506000,546000,3.49,54.03,13552,13418
1/1/2017,1,1,2017,506000,546000,3.49,54.03,13552,13418
